title,author,genre,image
Crna noć nada mnom i zvezdano nebo u meni,Ivan Tokin,Akcioni,https://laguna.rs/_img/korice/6875/crna_noc_nada_mnom_i_zvezdano_nebo_u_meni-ivan_tokin_s.jpg
Čudo u Poskokovoj Dragi,Ante Tomić,Akcioni,https://laguna.rs/_img/korice/5162/cudo_u_poskokovoj_dragi_s.jpg
Malavita,Tonino Benakvista,Akcioni,https://laguna.rs/_img/korice/2352/malavita-tonino_benakvista_s.jpg
Jedan hitac,Li Čajld,Akcioni,https://laguna.rs/_img/korice/2071/jedan_hitac-li_cajld_s.jpg
Divljaci,Don Vinslou,Akcioni,https://laguna.rs/_img/korice/2014/divljaci-don_vinslou_s.jpg
Plamen na istoku,Hari Sajdbotom,Akcioni,https://laguna.rs/_img/korice/1532/plamen_na_istoku-hari_sajdbotom_s.jpg
Zlatni grad,Džon Dvanaest Jastrebova,Akcioni,https://laguna.rs/_img/korice/1396/zlatni_grad-dzon_dvanaest_jastrebova_s.jpg
Potraga za lasicom,Džejms Paterson,Akcioni,https://laguna.rs/_img/korice/1362/potraga_za_lasicom-dzejms_paterson_s.jpg
Jedrenje,Džejms Paterson,Akcioni,https://laguna.rs/_img/korice/1172/jedrenje-dzejms_paterson_s.jpg
Kros,Džejms Paterson,Akcioni,https://laguna.rs/_img/korice/1132/kros-dzejms_paterson_s.jpg
Nevin,Harlan Koben,Akcioni,https://laguna.rs/_img/korice/1089/nevin-harlan_koben_s.jpg
Tamna reka,Džon Dvanaest Jastrebova,Akcioni,https://laguna.rs/_img/korice/1070/tamna_reka-dzon_dvanaest_jastrebova_s.jpg
Sedam svetskih čuda,Metju Rajli,Akcioni,https://laguna.rs/_img/korice/1006/sedam_svetskih_cuda-metju_rajli_s.jpg
Postupak,Mo Hejder,Akcioni,https://laguna.rs/_img/korice/865/postupak-mo_hejder_s.jpg
Vektor Trido,Juri Jurjevic,Akcioni,https://laguna.rs/_img/korice/864/vektor_trido-juri_jurjevic_s.jpg
Smrt u stranoj zemlji,Dona Leon,Akcioni,https://laguna.rs/_img/korice/825/smrt_u_stranoj_zemlji-dona_leon_s.jpg
Koza Nostra,Džon Diki,Akcioni,https://laguna.rs/_img/korice/704/koza_nostra-dzon_diki_s.jpg
Mačka i miš,Džejms Paterson,Akcioni,https://laguna.rs/_img/korice/668/macka_i_mis-dzejms_paterson_s.jpg
Glavolomka,Aleksandar Garos i Aleksej Jevdokimov,Akcioni,https://laguna.rs/_img/korice/618/glavolomka-aleksandar_garos_i_aleksej_jevdokimov_s.jpg
Sasvim jednostavno,Piter Džejms,Akcioni,https://laguna.rs/_img/korice/616/sasvim_jednostavno-piter_dzejms_s.jpg
"Majica „Najnormalniji čovek na svetu“ – kratki rukav, XXL",,Majice,https://laguna.rs/_img/korice/6370/majica_najnormalniji_covek_na_svetu_kratki_rukav_m_s.jpg
"Majica „Najnormalniji čovek na svetu“ – kratki rukav, XL",,Majice,https://laguna.rs/_img/korice/6369/majica_najnormalniji_covek_na_svetu_kratki_rukav_xl_s.jpg
"Majica „Najnormalniji čovek na svetu“ – kratki rukav, L",,Majice,https://laguna.rs/_img/korice/6368/majica_najnormalniji_covek_na_svetu_kratki_rukav_l_s.jpg
"Majica „Najnormalniji čovek na svetu“ – kratki rukav, M",,Majice,https://laguna.rs/_img/korice/6367/majica_najnormalniji_covek_na_svetu_kratki_rukav_m_s.jpg
Ovaj put biram sebe,Dizgram,Za poklon,https://laguna.rs/_img/korice/6838/ovaj_put_biram_sebe-dizgram_s.png
Dnevnik jednog čarobnjaka – ilustrovano izdanje,Paulo Koeljo,Za poklon,https://laguna.rs/_img/korice/6680/dnevnik_jednog_carobnjaka_ilustrovano_izdanje-paulo_koeljo_s.png
Veliki delovi slagalice za male dečje šake: Godišnja doba,Grupa autora,Za poklon,https://laguna.rs/_img/korice/6661/godisnja_doba_veliki_delovi_slagalice_za_male_decje_sake_s.png
Veliki delovi slagalice za male dečje šake: Sunčan dan na selu,Grupa autora,Za poklon,https://laguna.rs/_img/korice/6662/suncan_dan_na_selu_veliki_delovi_slagalice_za_male_decje_sake_s.png
Vodič kroz ljubavnu istoriju Beograda – knjiga druga,Nenad Novak Stefanović,Za poklon,https://laguna.rs/_img/korice/6629/vodic_kroz_ljubavnu_istoriju_beograda-nenad_novak_stefanovic_s.png
Ljubav,Dona Ešvort,Za poklon,https://laguna.rs/_img/korice/6615/ljubav_s.png
Život,Dona Ešvort,Za poklon,https://laguna.rs/_img/korice/6616/zivot_s.png
Divlja nada,Dona Ešvort,Za poklon,https://laguna.rs/_img/korice/6609/divlja_nada_s.png
Monine oči,Toma Šleser,Za poklon,https://laguna.rs/_img/korice/6495/monine_oci-toma_sleser_s.png
A kuda idemo?,Ton Telehen,Za poklon,https://laguna.rs/_img/korice/6476/a_kuda_idemo-ton_telehen_s.png
Sebi duguješ sve,Dizgram,Za poklon,https://laguna.rs/_img/korice/6468/sebi_dugujes_sve_s.png
Zmajev uzlet – prvi tom (ilustrovano izdanje),Džordž R. R. Martin,Za poklon,https://laguna.rs/_img/korice/6463/zmajev_uzlet_prvi_tom_s.png
Mačka i zen,Džejms Norberi,Za poklon,https://laguna.rs/_img/korice/6273/macka_i_zen-dzejms_norberi_s.jpg
Najviši dar,"Paulo Koeljo,Henri Dramond",Za poklon,https://laguna.rs/_img/korice/6244/najvisi_dar-paulo_koeljo-_henri_dramond_s.jpg
Priručnik za ratnika svetlosti – ilustrovano izdanje,Paulo Koeljo,Za poklon,https://laguna.rs/_img/korice/6106/prirucnik_za_ratnika_svetlosti_ilustrovano_izdanje_s.jpg
Bibin svet - Igra znanja,Biljana Crvenkovska,Za poklon,https://laguna.rs/_img/korice/6077/bibin_svet_-_igra_znanja-biljana_crvenkovska_s.jpg
Mali princ – ilustrovano izdanje,Antoan de Sent Egziperi,Za poklon,https://laguna.rs/_img/korice/5855/mali_princ_s.png
Oluja mačeva – ilustrovano izdanje,Džordž R. R. Martin,Za poklon,https://laguna.rs/_img/korice/5817/oluja_maceva_ilustrovano_izdanje-dzordz_r_r_martin_s.jpg
Komplet - Za neustrašive devojčice,"Grupa autora,Emili Hokins,Tom Adams,Suzi Lin,Ben Habard",Za poklon,https://laguna.rs/_img/korice/5879/komplet_-_za_neustrasive_devojcice-grupa_autora-_emili_hokins-_tom_adams-_suzi_lin-_ben_habard_s.jpg
Komplet - Za nove pustolovine,"Grupa autora,Džafet Ašer,Dženi Džejkobi,Suzi Lin",Za poklon,https://laguna.rs/_img/korice/5878/komplet_-_za_nove_pustolovine_s.jpg
Merino Tigar,Slavimir Stojanović Futro,Umetnost,https://laguna.rs/_img/korice/6828/merino_tigar-slavimir_stojanovic_s.png
Sentimentalno vaspitanje,Momo Kapor,Umetnost,https://laguna.rs/_img/korice/6628/sentimentalno_vaspitanje-momo_kapor_s.png
Monine oči,Toma Šleser,Umetnost,https://laguna.rs/_img/korice/6495/monine_oci-toma_sleser_s.png
Boginje Holivuda,Kristina Morato,Umetnost,https://laguna.rs/_img/korice/6236/boginje_holivuda-kristina_morato_s.png
Velika knjiga o bojama,Klausbernd Folmar,Umetnost,https://laguna.rs/_img/korice/1547/velika_knjiga_o_bojama-klausbernd_folmar_s.jpg
Bioskopska promišljanja,Kventin Tarantino,Umetnost,https://laguna.rs/_img/korice/6001/bioskopska_promisljanja-kventin_tarantino_s.png
Jansonova istorija umetnosti: Zapadna tradicija,"H. V. Janson,Entoni F. Janson",Umetnost,https://laguna.rs/_img/korice/6117/jansonova_istorija_umetnosti_zapadna_tradicija_s.jpg
Muze,Rut Milington,Umetnost,https://laguna.rs/_img/korice/5882/muze-rut_milington_s.jpg
Blagodatna / Full of Grace,Grupa autora,Umetnost,https://laguna.rs/_img/korice/5725/blagodatna_full_of_grace-grupa_autora_s.jpg
Ornamenti Srbije – pirotski ćilim / Ornaments of Serbia – the Pirot kilim,Milica Živadinović,Umetnost,https://laguna.rs/_img/korice/5673/ornamenti_srbije_pirotski_cilim_ornaments_of_serbia_the_pirot_kilim-milica_zivadinovic_s.jpg
Portreti junaka i junakinja Dostojevskog,Vladika Maksim,Umetnost,https://laguna.rs/_img/korice/5568/portreti_junaka_i_junakinja_dostojevskog-vladika_maksim_s.jpg
Beograd naše mladosti / Belgrade of our youth,Jovan Đorđević,Umetnost,https://laguna.rs/_img/korice/4679/beograd_nase_mladosti_belgrade_of_our_youth-jovan_djordjevic_s.jpg
Nikita Milivojević: Ja ovde silazim,Olivera Milošević,Umetnost,https://laguna.rs/_img/korice/5451/nikita_milivojevic_ja_ovde_silazim-olivera_milosevic_s.jpg
50 ideja koje bi stvarno trebalo da znate: Književnost,Džon Saderlend,Umetnost,https://laguna.rs/_img/korice/5218/50_ideja_koje_bi_stvarno_trebalo_da_znate_knjizevnost_s.jpg
50 velikih ideja koje bi stvarno trebalo da znate,Ben Dupre,Umetnost,https://laguna.rs/_img/korice/4971/50_velikih_ideja_koje_bi_stvarno_trebalo_da_znate-ben_dupre_s.jpg
50 ideja koje bi stvarno trebalo da znate: Umetnost,Suzi Hodž,Umetnost,https://laguna.rs/_img/korice/4940/50_ideja_koje_bi_stvarno_trebalo_da_znate_umetnost-suzi_hodz_s.jpg
Leonardo da Vinči,Volter Ajzakson,Umetnost,https://laguna.rs/_img/korice/3773/leonardo_da_vinci-volter_ajzakson_s.jpg
Hronologija umetnosti,Ijan Začek,Umetnost,https://laguna.rs/_img/korice/4186/hronologija_umetnosti-ijan_zacek_s.jpg
Velika čarolija,Elizabet Gilbert,Umetnost,https://laguna.rs/_img/korice/4018/velika_carolija-elizabet_gilbert_s.jpg
Neki drugi film,Petar Jončić,Umetnost,https://laguna.rs/_img/korice/2562/neki_drugi_film-petar_joncic_s.jpg
Ostali,K. B. Everet,Trileri,https://laguna.rs/_img/korice/6938/ostali-k_b_everet_s.jpg
Trenutak za ljubav,Kristina Moninger,Trileri,https://laguna.rs/_img/korice/6974/trenutak_za_ljubav-kristina_moninger_s.jpg
Ako mi se nešto desi,Aleks Finli,Trileri,https://laguna.rs/_img/korice/6849/ako_mi_se_nesto_desi-aleks_finli_s.jpg
Bog šume,Liz Mur,Trileri,https://laguna.rs/_img/korice/6923/bog_sume-liz_mur_s.jpg
Otac,Bojan Ljubenović,Trileri,https://laguna.rs/_img/korice/6960/otac-bojan_ljubenovic_s.png
Hildir,Satu Reme,Trileri,https://laguna.rs/_img/korice/6931/hildir-satu_reme_s.png
Usta puna mora,Jurica Pavičić,Trileri,https://laguna.rs/_img/korice/6962/usta_puna_mora-jurica_pavicic_s.png
Tko je taj čovjek?: Izvještaj o jednoj mogućnosti,Boris Dežulović,Trileri,https://laguna.rs/_img/korice/6933/tko_je_taj_covjek_s.jpg
"Jedi, ubij, voli",Džuli Mej Koen,Trileri,https://laguna.rs/_img/korice/6850/jedi_ubij_voli-dzuli_mej_koen_s.jpg
Nezaboravna Loreta Darling,Ketrin Blejk,Trileri,https://laguna.rs/_img/korice/6920/nezaboravna_loreta_darling-ketrin_blejk_s.png
Vrisak,"Jern Lir Horst,Jan-Erik Fjel",Trileri,https://laguna.rs/_img/korice/6896/vrisak-jern_lir_horst-_jan-erik_fjel_s.png
Čuješ li laž?,Ejmi Tintera,Trileri,https://laguna.rs/_img/korice/6889/cujes_li_laz-ejmi_tintera_s.jpg
Okrugla kuća,Luiz Erdrik,Trileri,https://laguna.rs/_img/korice/6876/okrugla_kuca-luiz_erdrik_s.png
Crna noć nada mnom i zvezdano nebo u meni,Ivan Tokin,Trileri,https://laguna.rs/_img/korice/6875/crna_noc_nada_mnom_i_zvezdano_nebo_u_meni-ivan_tokin_s.jpg
Ema,Žan Reno,Trileri,https://laguna.rs/_img/korice/6781/ema-zan_reno_s.png
Ubilački potencijal,Hana Dič,Trileri,https://laguna.rs/_img/korice/6861/ubilacki_potencijal-hana_dic_s.png
Milena & druge društvene reforme,Olja Knežević,Trileri,https://laguna.rs/_img/korice/6860/milena_druge_drustvene_reforme_s.jpg
Mesta prelaska,Eli Grifits,Trileri,https://laguna.rs/_img/korice/6851/mesta_prelaska-eli_grifits_s.png
Ukus straha,Zoran Petrović,Trileri,https://laguna.rs/_img/korice/6835/ukus_straha-zoran_petrovic_s.png
Turski zavet 1: Putinova klopka,Dejan Lučić,Trileri,https://laguna.rs/_img/korice/6836/turski_zavet_1_putinova_klopka-dejan_lucic_s.png
Hemija sa stilom,"Jasminka Korolija,Ljuba Mandić,Nevena Stefanović",Tinejdž,https://laguna.rs/_img/korice/6997/hemija_sa_stilom-jasminka_korolija-_ljuba_mandic_s.png
Hajduk u Beogradu,Gradimir Stojković,Tinejdž,https://laguna.rs/_img/korice/6929/hajduk_u_beogradu_s.jpg
Sviftovi: Rečnik nevaljalaca,"Bet Linkoln,Kler Pauel",Tinejdž,https://laguna.rs/_img/korice/6863/sviftovi_recnik_nevaljalaca_s.jpg
Mačak koji je spasao biblioteku,Sosuke Nacukava,Tinejdž,https://laguna.rs/_img/korice/6727/macak_koji_je_spasao_biblioteku-sosuke_nacukava_s.png
Artemis Faul,Oin Kolfer,Tinejdž,https://laguna.rs/_img/korice/51/artemis_faul-oin_kolfer_s.png
Artemis Faul: Operacija Arktik,Oin Kolfer,Tinejdž,https://laguna.rs/_img/korice/125/artemis_faul_operacija_arktik-oin_kolfer_s.png
Mocart i Linli: Firentinsko prijateljstvo,Zoran Milekić,Tinejdž,https://laguna.rs/_img/korice/6710/mocart_i_linli_s.png
"Bože, da l' si tu? Ja sam, Margaret",Džudi Blum,Tinejdž,https://laguna.rs/_img/korice/161/boze_da_l_si_tu_ja_sam_margaret-dzudi_blum_s.png
Zauvek,Džudi Blum,Tinejdž,https://laguna.rs/_img/korice/166/zauvek-dzudi_blum_s.png
Nije mi ovo trebalo,Ljiljana Šarac,Tinejdž,https://laguna.rs/_img/korice/6593/nije_mi_ovo_trebalo_s.png
Moj tata i ja u pubertetu,Robert Takarič,Tinejdž,https://laguna.rs/_img/korice/6531/moj_tata_i_ja_u_pubertetu-robert_takaric_s.png
Ko zna šta će od mene biti,Ivana Lukić,Tinejdž,https://laguna.rs/_img/korice/6296/ko_zna_sta_ce_do_mene_biti_s.jpg
"Laku noć, Punpune 13",Inio Asano,Tinejdž,https://laguna.rs/_img/korice/6171/laku_noc_punpune_13-inio_asano_s.png
"Laku noć, Punpune 12",Inio Asano,Tinejdž,https://laguna.rs/_img/korice/6146/laku_noc_punpune_12_s.jpg
"Laku noć, Punpune 11",Inio Asano,Tinejdž,https://laguna.rs/_img/korice/6136/laku_noc_punpune_11-inio_asano_s.png
Sidro na dnu noći,Milan Dabović,Tinejdž,https://laguna.rs/_img/korice/6093/sidro_na_dnu_noci-milan_dabovic_s.png
Ko je pomenuo ljubav?,Elaf Ali,Tinejdž,https://laguna.rs/_img/korice/5997/ko_je_pomenuo_ljubav-elaf_ali_s.png
"Laku noć, Punpune 10",Inio Asano,Tinejdž,https://laguna.rs/_img/korice/6067/laku_noc_punpune_10-inio_asano_s.png
"Laku noć, Punpune 9",Inio Asano,Tinejdž,https://laguna.rs/_img/korice/6024/laku_noc_punpune_9-inio_asano_s.jpg
Hačiko čeka,Lezlija Njuman,Tinejdž,https://laguna.rs/_img/korice/5936/haciko_ceka-lezlija_njuman_s.jpg
Turski zavet 1: Putinova klopka,Dejan Lučić,Teorije zavere,https://laguna.rs/_img/korice/6836/turski_zavet_1_putinova_klopka-dejan_lucic_s.png
Pavelićev testament – knjiga druga,Dejan Lučić,Teorije zavere,https://laguna.rs/_img/korice/6492/pavelicev_testament_knjiga_druga-dejan_lucic_s.png
Profesori smrti 3: Francuski lavirint,Dejan Lučić,Teorije zavere,https://laguna.rs/_img/korice/4980/profesori_smrti_3_francuski_lavirint-dejan_lucic_s.jpg
Profesori smrti 2: Ruski protokoli,Dejan Lučić,Teorije zavere,https://laguna.rs/_img/korice/4837/profesori_smrti_2-dejan_lucic_s.jpg
Profesori smrti 1: Nosači kovčega,Dejan Lučić,Teorije zavere,https://laguna.rs/_img/korice/3367/profesori_smrti-dejan_lucic_s.jpg
Crna knjiga korporacija,"Klaus Verner-Lobo,Hans Vajs",Teorije zavere,https://laguna.rs/_img/korice/2984/crna_knjiga_korporacija-hans_vajs-_klaus_verner-lobo_s.jpg
Tajna društva u Srbiji – od srednjeg veka do novog milenijuma,"Isidora Bjelica,Nebojša Pajkić",Teorije zavere,https://laguna.rs/_img/korice/3078/tajna_drustva_u_srbiji_od_srednjeg_veka_do_novog_milenijuma-isidora_bjelica-_nebojsa_pajkic_s.jpg
Znak zveri,Trevor Rejvenskroft,Teorije zavere,https://laguna.rs/_img/korice/2971/znak_zveri-trevor_rejvenskroft_s.jpg
Teorija zavere IV: Nemilosrdni špijuni,Dejan Lučić,Teorije zavere,https://laguna.rs/_img/korice/2981/teorija_zavere_iv_nemilosrdni_spijuni-dejan_lucic_s.jpg
Teorija zavere III: Škola za ubice,Dejan Lučić,Teorije zavere,https://laguna.rs/_img/korice/2699/teorija_zavere_iii_-_skola_za_ubice-dejan_lucic_s.jpg
Rođeni u krvi – izgubljene tajne masonerije,Džon Dž. Robinson,Teorije zavere,https://laguna.rs/_img/korice/2507/rodjeni_u_krvi_-_izgubljene_tajne_masonerije-dzon_dz_robinson_s.jpg
Ljubav sa Pink Panterom - Tajne lopovskog zanata - I tom,Dejan Lučić,Teorije zavere,https://laguna.rs/_img/korice/2450/ljubav_sa_pink_panterom_-_tajne_lopovskog_zanata_1-dejan_lucic_s.jpg
Teorija zavere II: Titova kletva,Dejan Lučić,Teorije zavere,https://laguna.rs/_img/korice/2335/teorija_zavere_ii_titova_kletva-dejan_lucic_s.jpg
Koplje sudbine,Trevor Rejvenskroft,Teorije zavere,https://laguna.rs/_img/korice/2235/koplje_sudbine-trevor_rejvenskroft_s.jpg
Teorija zavere I: Priručnik za osvajanje vlasti,Dejan Lučić,Teorije zavere,https://laguna.rs/_img/korice/2082/teorija_zavere-dejan_lucic_s.jpg
Princ i fantom,Milan Vidojević,Teorije zavere,https://laguna.rs/_img/korice/2062/princ_i_fantom_s.jpg
Islamska republika Nemačka 3: Mosadova meta,Dejan Lučić,Teorije zavere,https://laguna.rs/_img/korice/1879/islamska_republika_nemacka_3_mosadova_meta-dejan_lucic_s.jpg
Islamska republika Nemačka 2: Britanski pečat,Dejan Lučić,Teorije zavere,https://laguna.rs/_img/korice/1878/islamska_republika_nemacka_2_britanski_pecat-dejan_lucic_s.jpg
Islamska republika Nemačka 1: Strahovi moćnika,Dejan Lučić,Teorije zavere,https://laguna.rs/_img/korice/1877/islamska_republika_nemacka_1_-_strahovi_mocnika-dejan_lucic_s.jpg
Vladari iz senke - Tom II,Dejan Lučić,Teorije zavere,https://laguna.rs/_img/korice/1788/vladari_iz_senke_-_tom_ii-dejan_lucic_s.jpg
Zašto tako ozbiljno?,Majk Singer,Sport,https://laguna.rs/_img/korice/6633/zasto_tako_ozbiljno-majk_singer_s.png
Bez bola,Pit Igoskju,Sport,https://laguna.rs/_img/korice/6169/bez_bola_s.jpg
Crvena zvezda – Moj fudbalski klub,Bojan Ljubenović,Sport,https://laguna.rs/_img/korice/4708/crvena_zvezda_moj_fudbalski_klub-bojan_ljubenovic_s.jpg
Partizan – Moj fudbalski klub,Bojan Ljubenović,Sport,https://laguna.rs/_img/korice/4709/partizan_moj_fudbalski_klub-bojan_ljubenovic_s.jpg
Koš po koš,Vladimir Stanković,Sport,https://laguna.rs/_img/korice/2903/kos_po_kos-vladimir_stankovic_s.jpg
Samo mi Bog može suditi,Mateja Kežman,Sport,https://laguna.rs/_img/korice/2633/samo_mi_bog_moze_suditi-mateja_kezman_s.jpg
Misli o fudbalu,"Vladimir Stanković,Aleksandar Blatnik",Sport,https://laguna.rs/_img/korice/2438/misli_o_fudbalu-aleksandar_blatnik-_vladimir_stankovic_s.jpg
Sve ili ništa,Lotar Mateus,Sport,https://laguna.rs/_img/korice/2338/sve_ili_nista_s.jpg
"Montevideo, Bog te video!",Vladimir Stanković,Sport,https://laguna.rs/_img/korice/2323/montevideo_bog_te_video-vladimir_stankovic_s.jpg
Serviraj za pobedu,Novak Đoković,Sport,https://laguna.rs/_img/korice/2245/serviraj_za_pobedu_s.jpg
Džez basket,Aleksandar Miletić,Sport,https://laguna.rs/_img/korice/2220/dzez_basket_s.jpg
Uspon i pad moje Zvezde,Miloš V. Rajković,Sport,https://laguna.rs/_img/korice/2115/uspon_i_pad_moje_zvezde-milos_v_rajovic_s.jpg
Fudbalska matrica,Kristof Birman,Sport,https://laguna.rs/_img/korice/1736/fudbalska_matrica-kristof_birman_s.jpg
Pametno telo zauvek,Lokica,Sport,https://laguna.rs/_img/korice/1682/pametno_telo_zauvek-lokica_s.jpg
Moćne kopačke,Džejson Met Krosik,Sport,https://laguna.rs/_img/korice/1360/mocne_kopacke-dzejson_met_krosik_s.jpg
Spas u zadnji čas,Džejson Tomi Donbavand,Sport,https://laguna.rs/_img/korice/1359/spas_u_zadnji_cas-dzejson_tomi_donbavand_s.jpg
Le fudbal,Džejson Loborik,Sport,https://laguna.rs/_img/korice/1358/le_fudbal-dzejson_loborik_s.jpg
Blizanačke muke,Bari Hačinson,Sport,https://laguna.rs/_img/korice/1357/blizanacke_muke-bari_hacinson_s.jpg
Pametno telo,Lokica,Sport,https://laguna.rs/_img/korice/1292/pametno_telo-lokica_s.jpg
Dostojevski - Komplet od 14 knjiga (tvrdi povez),Fjodor Mihailovič Dostojevski,Specijalna ponuda,https://laguna.rs/_img/korice/3628/dostojevski_komplet_od_14_knjiga_koza-fjodor_mihailovic_dostojevski_s.jpg
Komplet - Čuvari prirode,"Grupa autora,Stefani Ledu,Stefan Fratini,Lisa Stjuart-Šarp",Specijalna ponuda,https://laguna.rs/_img/korice/5862/komplet_-_cuvari_prirode-grupa_autora-_stefani_ledu-_stefan_fratini-_lisa_stjuart_sarp_s.jpg
Komplet - Za sveznalice,"Klajv Giford,Viržini Alađidi,Karolin Pelisje,Magda Gargulakova,Katja Gajgalova",Specijalna ponuda,https://laguna.rs/_img/korice/5861/komplet_-_za_sveznalice-klajv_giford-_virzini_aladjidi-_karolin_pelisje-_magda_gargulakova-_katja_gajgalova_s.jpg
Slikovnica – Komplet - Moj mali svet,"Grupa autora,Olga Utkina,Hulijana Perdomo",Specijalna ponuda,https://laguna.rs/_img/korice/5877/komplet_-_moj_mali_svet_s.jpg
Komplet - Za nove pustolovine,"Grupa autora,Džafet Ašer,Dženi Džejkobi,Suzi Lin",Specijalna ponuda,https://laguna.rs/_img/korice/5878/komplet_-_za_nove_pustolovine_s.jpg
Komplet - Igrom do znanja,"Džoni Lejton,Izi Hauel,Aleks Vulf",Specijalna ponuda,https://laguna.rs/_img/korice/5868/komplet_-_igrom_do_znanja-dzoni_lejton-_izi_hauel-_aleks_vulf_s.jpg
Komplet -  Smehoteka,"Majk Barfild,Džim Smit,Endru Makdonald",Specijalna ponuda,https://laguna.rs/_img/korice/5863/komplet_-_smehoteka-endru_makdonald_s.jpg
Slikovnica – Komplet - U maminom zagrljaju,"Grupa autora,Helmi Verbakel",Specijalna ponuda,https://laguna.rs/_img/korice/5867/komplet_-_u_maminom_zagrljaju_s.jpg
Slikovnica – Komplet - U tatinom zagrljaju,"Grupa autora,Izi Daun,Bendži Dejvis",Specijalna ponuda,https://laguna.rs/_img/korice/5869/komplet_-_u_tatinom_zagrljaju_s.jpg
Komplet - Svet oko nas,Grupa autora,Specijalna ponuda,https://laguna.rs/_img/korice/5865/komplet_-_svet_oko_nas-grupa_autora_s.jpg
Komplet - Čarobni svet bajki,"Oskar Vajld,Rastislav Durman,Don Kejsi",Specijalna ponuda,https://laguna.rs/_img/korice/5864/komplet_-_carobni_svet_bajki-rastislav_durman_s.jpg
Komplet - Čudesni svet životinja,"Dušan Krtolica,Mojra Baterfild,Ester Ernando,Marija Manjeru",Specijalna ponuda,https://laguna.rs/_img/korice/5866/komplet_-_cudesni_svet_zivotinja-mojra_baterfild_s.jpg
Komplet - Bleferski vodič,"Suzi Bonifejs,Rebeka Njuman,Džonatan Gudol,Hari Ers",Specijalna ponuda,https://laguna.rs/_img/korice/5539/komplet_-_bleferski_vodic-suzi_bonifejs-_rebeka_njuman-_dzonatan_gudol-_hari_ers_s.jpg
Komplet – Okean od papira,Zoran Penevski,Specijalna ponuda,https://laguna.rs/_img/korice/5538/komplet_okean_od_papira-zoran_penevski_s.jpg
Komplet – Učimo engleski,"Grupa autora,Ben Frankon Dejvis",Specijalna ponuda,https://laguna.rs/_img/korice/5360/komplet_ucimo_engleski-grupa_autora-_ben_frankon_dejvis_s.jpg
Komplet - Mališani,"Grupa autora,Suzi Lin",Specijalna ponuda,https://laguna.rs/_img/korice/5359/komplet_-_malisani-grupa_autora-_suzi_lin_s.jpg
Komplet – Psihološki trileri,"Patriša Hajsmit,Sara Bledel,Ksavije de Mulen,Delfin de Vigan,Ida Linde",Specijalna ponuda,https://laguna.rs/_img/korice/5358/komplet_-_psiholoski_trileri-patrisa_hajsmit-_sara_bledel-_ksavije_de_mulen-_delfin_de_vigan-_ida_linde_s.jpg
Komplet - Zdravi i srećni,"Staniša Stojiljković,Ana Gifing,Andreas Mihalsen,Bas Kast,Stiven R. Gandri",Specijalna ponuda,https://laguna.rs/_img/korice/5357/komplet_-_zdravi_i_srecni_s.jpg
Komplet - Romani godine,"Nejtan Hil,Elizabet Maknil,Tafi Brodeser-Akner",Specijalna ponuda,https://laguna.rs/_img/korice/5356/komplet_-_romani_godine-nejtan_hil-_elizabet_maknil-_tafi_brodeser-akner_s.jpg
Komplet - Stvarnije od stvarnosti,"Barbara Kingsolver,Rohinton Mistri,Makis Citas,Selest Ing,Dajna Džefriz,Ketrin Baner,Adelaid de Klermon-Toner,Beatriz Vilijams",Specijalna ponuda,https://laguna.rs/_img/korice/5355/komplet_-_stvarnije_od_stvarnosti_s.jpg
Slikovnica – Škola radosti gospođice Mile,Grupa autora,Slikovnice,https://laguna.rs/_img/korice/6774/slikovnica_skola_radosti_gospodjice_mile-grupa_autora_s.png
Slikovnica – E baš mogu!,Grupa autora,Slikovnice,https://laguna.rs/_img/korice/6772/slikovnica_e_bas_mogu-grupa_autora_s.jpg
Slikovnica – Nikuda,Kris Sonders,Slikovnice,https://laguna.rs/_img/korice/6788/slikovnica_nikuda_s.png
Slikovnica – Veruj,Kris Sonders,Slikovnice,https://laguna.rs/_img/korice/6789/slikovnica_veruj-kris_sonders_s.png
Slikovnica – Vitez Sovuljak i Ptica Ranoranilica,Kristofer Denis,Slikovnice,https://laguna.rs/_img/korice/6893/slikovnica_vitez_sovuljak_i_ptica_ranoranilica-kristofer_denis_s.png
Ponoćni cirkus,Uroš Petrović,Slikovnice,https://laguna.rs/_img/korice/6782/slikovnica_ponocni_cirkus-uros_petrovic_s.jpg
Slikovnica – Igor,Frančeska Dafne Vinjaga,Slikovnice,https://laguna.rs/_img/korice/6709/igor_s.png
Bajka o Ledemonu,Uroš Petrović,Slikovnice,https://laguna.rs/_img/korice/6669/bajka_o_ledemonu_s.png
Slikovnica – Srećne porodice 2,Ana Grigorjev,Slikovnice,https://laguna.rs/_img/korice/6677/srecne_porodice_2-ana_grigorjev_s.png
Slikovnica – Singi Lumba i Kamena Kraljica,Slavimir Stojanović Futro,Slikovnice,https://laguna.rs/_img/korice/6676/singi_lumba_i_kamena_kraljica_s.jpg
Slikovnica – Gostiona na kraju šumarka,Majki Pliz,Slikovnice,https://laguna.rs/_img/korice/6502/gostiona_na_kraju_sumarka-majki_pliz_s.png
Slikovnica – Gde je jednom bio zec,"Tomas Dokerti,Džon Doherti",Slikovnice,https://laguna.rs/_img/korice/6253/gde_je_jednom_bio_zec_s.jpg
Začarana sprava,Uroš Petrović,Slikovnice,https://laguna.rs/_img/korice/6475/zacarana_sprava-uros_petrovic_s.png
Slikovnica – Škola drugarstva gospođice Mile,Grupa autora,Slikovnice,https://laguna.rs/_img/korice/6229/skola_drugarstva_gospodjice_mile_s.jpg
Slikovnica – Škola samopouzdanja gospođice Mile,Grupa autora,Slikovnice,https://laguna.rs/_img/korice/6228/skola_samopouzdanja_gospodjice_mile-zana_dejvidson_s.jpg
Slikovnica – Srećne porodice 1,Ana Grigorjev,Slikovnice,https://laguna.rs/_img/korice/6408/srecne_porodice_1_s.png
Slikovnica – Princezin rođendan,Oskar Vajld,Slikovnice,https://laguna.rs/_img/korice/6315/princezin_rodjendan-oskar_vajld_s.png
Slikovnica – Dunav: Magična reka,"Mihal Hvorecki,Simona Smatana",Slikovnice,https://laguna.rs/_img/korice/6246/dunav_magicna_reka-mihal_hvorecki-_simona_cehova_s.jpg
Slikovnica – Orion i Mrak,Ema Jarlet,Slikovnice,https://laguna.rs/_img/korice/6252/orion_i_mrak_s.jpg
Slikovnica – Pistaćica i Mehurić: Serum istine,Pola Bato,Slikovnice,https://laguna.rs/_img/korice/6222/pistacica_i_mehuric_serum_istine_s.jpg
Disney: Diznilend avantura - knjiga aktivnosti sa nalepnicama,Grupa autora,Sa nalepnicama,https://laguna.rs/_img/korice/6652/diznilend_avantura_knjiga_aktivnosti_sa_nalepnicama_s.png
Moj super blok: Dinosaurusi - sa nalepnicama,Grupa autora,Sa nalepnicama,https://laguna.rs/_img/korice/6653/moj_super_blok_dinosaurusi_sa_nalepnicama-grupa_autora_s.png
Moj super blok: Životinje - sa nalepnicama,Grupa autora,Sa nalepnicama,https://laguna.rs/_img/korice/6654/moj_super_blok_zivotinje_-_sa_nalepnicama-grupa_autora_s.png
Veseli drugari – mekane nalepnice,Grupa autora,Sa nalepnicama,https://laguna.rs/_img/korice/5857/veseli_drugari_mekane_nalepnice_s.jpg
Životinje – mekane nalepnice,Grupa autora,Sa nalepnicama,https://laguna.rs/_img/korice/5856/zivotinje_mekane_nalepnice-grupa_autora_s.jpg
Slatkiši – više od 100 pufnastih nalepnica,Grupa autora,Sa nalepnicama,https://laguna.rs/_img/korice/5644/slatkisi_vise_od_100_pufnastih_nalepnica-grupa_autora_s.jpg
Sirene – više od 100 pufnastih nalepnica,Grupa autora,Sa nalepnicama,https://laguna.rs/_img/korice/5643/sirene_vise_od_100_pufnastih_nalepnica-grupa_autora_s.jpg
Moje prve životinje,Grupa autora,Sa nalepnicama,https://laguna.rs/_img/korice/5376/moje_prve_zivotinje_s.jpg
Ja sam modna kreatorka,Grupa autora,Sa nalepnicama,https://laguna.rs/_img/korice/5375/ja_sam_modna_kreatorka_s.jpg
Dinosaurusi – mekane nalepnice,Grupa autora,Sa nalepnicama,https://laguna.rs/_img/korice/5280/dinosaurusi_mekane_nalepnice_s.jpg
Jednorozi – mekane nalepnice,Grupa autora,Sa nalepnicama,https://laguna.rs/_img/korice/5279/jednorozi_mekane_nalepnice_s.jpg
Jednorozi,Grupa autora,Sa nalepnicama,https://laguna.rs/_img/korice/5043/jednorozi-grupa_autora_s.jpg
Dinosaurusi,Grupa autora,Sa nalepnicama,https://laguna.rs/_img/korice/5042/dinosaurusi-grupa_autora_s.jpg
"Jednorozi, životinje i još mnogo slatkih crteža",Grupa autora,Sa nalepnicama,https://laguna.rs/_img/korice/5039/jednorozi_zivotinje_i_jos_mnogo_slatkih_crteza-grupa_autora_s.jpg
"Nađi broj, pa oboj - bojanka sa nalepnicama",Grupa autora,Sa nalepnicama,https://laguna.rs/_img/korice/4129/nadji_broj_pa_oboj_bojanka_sa_nalepnicama-grupa_autora_s.jpg
Mali zeka – Suprotnosti,Grupa autora,Sa nalepnicama,https://laguna.rs/_img/korice/4099/mali_zeka_suprotnosti-grupa_autora_s.jpg
Mali Zeka – Pomažem mami,Grupa autora,Sa nalepnicama,https://laguna.rs/_img/korice/4100/mali_zeka_pomazem_mami-grupa_autora_s.jpg
Mala sirena – bajka s nalepnicama,Grupa autora,Sa nalepnicama,https://laguna.rs/_img/korice/4114/mala_sirena_bajka_s_nalepnicama-grupa_autora_s.jpg
Zlatokosa – bajka s nalepnicama,Grupa autora,Sa nalepnicama,https://laguna.rs/_img/korice/4113/zlatokosa_bajka_s_nalepnicama-grupa_autora_s.jpg
Uspavana lepotica – bajka s nalepnicama,Grupa autora,Sa nalepnicama,https://laguna.rs/_img/korice/4112/uspavana_lepotica_bajka_s_nalepnicama-grupa_autora_s.jpg
Prestonice,Ana Atanasković,Putopisi,https://laguna.rs/_img/korice/6970/prestonice-ana_atanaskovic_s.png
Dobre duše Sudana,Viktor Lazić,Putopisi,https://laguna.rs/_img/korice/6720/dobre_duse_sudana_s.png
Masonski simboli u Beogradu,Zoran Lj. Nikolić,Putopisi,https://laguna.rs/_img/korice/6632/masonski_simboli_u_beogradu_s.png
Nacionalistička geografija – satirični putopisi,Dragutin Minić Karlo,Putopisi,https://laguna.rs/_img/korice/6362/nacionalisticka_geografija_satiricni_putopisi_s.png
Pisma iz Norveške,Isidora Sekulić,Putopisi,https://laguna.rs/_img/korice/6309/pisma_iz_norveske-isidora_sekulic_s.jpg
Kenija: Damari divljine,Viktor Lazić,Putopisi,https://laguna.rs/_img/korice/6282/kenija_damari_divljine-viktor_lazic_s.png
Sedam mora i tri okeana – druga knjiga,Jelena J. Dimitrijević,Putopisi,https://laguna.rs/_img/korice/6183/sedam_mora_i_tri_okeana_-_druga_knjiga-jelena_j_dimitrijevic_s.png
O Firenci,Meri Makarti,Putopisi,https://laguna.rs/_img/korice/6138/o_firenci-meri_makarti_s.jpg
Šetnja kroz šumu,Bil Brajson,Putopisi,https://laguna.rs/_img/korice/6016/setnja_kroz_sumu-bil_brajson_s.jpg
O Veneciji,Meri Makarti,Putopisi,https://laguna.rs/_img/korice/5994/o_veneciji-meri_makarti_s.png
Srbin kojekude,Bojan Ljubenović,Putopisi,https://laguna.rs/_img/korice/5927/srbin_kojekude-bojan_ljubenovic_s.jpg
Nalin svet,Din Nikolson,Putopisi,https://laguna.rs/_img/korice/5860/nalin_svet-din_nikolson_s.jpg
Jadran,Robert D. Kaplan,Putopisi,https://laguna.rs/_img/korice/5841/jadran_nova_istorija_vikinga_od_skandinavije_do_puteva_svile-robert_d_kaplan_s.jpg
Pod suncem Toskane,Frensis Mejz,Putopisi,https://laguna.rs/_img/korice/5808/pod_suncem_toskane-frensis_mejz_s.jpg
Na mapi utopije,Branko Anđić,Putopisi,https://laguna.rs/_img/korice/5786/na_mapi_utopije_s.jpg
Zaljubljen u Rim: Ljubavna afera sa Večnim gradom,Mark Tedesko,Putopisi,https://laguna.rs/_img/korice/5391/zaljubljen_u_rim_ljubavna_afera_sa_vecnim_gradom-mark_tedesko_s.jpg
Lutajući Bokelj,Nikola Malović,Putopisi,https://laguna.rs/_img/korice/619/lutajuci_bokelj-nikola_malovic_s.jpg
Usamljeni putnik,Džek Keruak,Putopisi,https://laguna.rs/_img/korice/5306/usamljeni_putnik-dzek_keruak_s.jpg
Moj put istine,Isidora Bjelica,Putopisi,https://laguna.rs/_img/korice/5271/moj_put_istine-isidora_bjelica_s.jpg
Samarkand,Amin Maluf,Putopisi,https://laguna.rs/_img/korice/138/samarkand-amin_maluf_s.jpg
Hemija sa stilom,"Jasminka Korolija,Ljuba Mandić,Nevena Stefanović",Publicistika,https://laguna.rs/_img/korice/6997/hemija_sa_stilom-jasminka_korolija-_ljuba_mandic_s.png
Prestonice,Ana Atanasković,Publicistika,https://laguna.rs/_img/korice/6970/prestonice-ana_atanaskovic_s.png
One stvari,Jasna Žmak,Publicistika,https://laguna.rs/_img/korice/6992/one_stvari_s.png
Najkraća istorija Kine,Linda Džejvin,Publicistika,https://laguna.rs/_img/korice/6976/najkraca_istorija_kine-linda_dzejvin_s.jpg
Pozorišna posla,Vladeta Janković,Publicistika,https://laguna.rs/_img/korice/6999/pozorisna_posla-vladeta_jankovic_s.png
Pobedi u svakoj raspravi,Mehdi Hasan,Publicistika,https://laguna.rs/_img/korice/6973/pobedi_u_svakoj_raspravi-mehdi_hasan_s.jpg
Lavirint zalutalih: Zapad i njegovi protivnici,Amin Maluf,Publicistika,https://laguna.rs/_img/korice/6859/lavirint_zalutalih_zapad_i_njegovi_protivnici-amin_maluf_s.jpg
"Košarka, to je Partizan – novo, dopunjeno izdanje",Slobodan Vladušić,Publicistika,https://laguna.rs/_img/korice/6963/kosarka_to_je_partizan-slobodan_vladusic_s.png
Od mama za mame 1: Trudnoća,1200 mama,Publicistika,https://laguna.rs/_img/korice/6937/od_mama_za_mame-1200_mama_s.png
U harmoniji,Emili Nagoski,Publicistika,https://laguna.rs/_img/korice/6899/u_harmoniji-emili_nagoski_s.png
Najkraća istorija sveta,Dejvid Bejker,Publicistika,https://laguna.rs/_img/korice/6883/najkraca_istorija_sveta_s.jpg
Vixere,Srđan Cvijić,Publicistika,https://laguna.rs/_img/korice/6902/vixere_s.png
Kako je svet stvorio Zapad,Džozefina Kvin,Publicistika,https://laguna.rs/_img/korice/6895/kako_je_svet_stvorio_zapad-dzozefina_kvin_s.png
Klasični svet u malim zalogajima,Mark Danijels,Publicistika,https://laguna.rs/_img/korice/6882/klasicni_svet_u_malim_zalogajima_s.jpg
Žene su besne,Dženifer Koks,Publicistika,https://laguna.rs/_img/korice/6799/zene_su_besne-dzenifer_koks_s.png
Zato sanjamo,Rahul Džandajl,Publicistika,https://laguna.rs/_img/korice/6809/zato_sanjamo-rahul_dzandajl_s.png
24 sata u svetu vikinga,Kirsten Volf,Publicistika,https://laguna.rs/_img/korice/6867/24_sata_u_vikinskom_svetu-kirsten_volf_s.jpg
Životne pouke iz književnosti: Mudrosti iz 100 klasičnih dela,Džozef Pirsi,Publicistika,https://laguna.rs/_img/korice/6878/zivotne_pouke_iz_knjizevnosti_mudrosti_iz_100_klasicnih_dela-dzozef_pirsi_s.jpg
Zašto mi to niko ranije nije rekao? – dopunjeno izdanje,Džuli Smit,Publicistika,https://laguna.rs/_img/korice/6873/zasto_mi_to_niko_ranije_nije_rekao_dopunjeno_izdanje_s.jpg
Ovaj put biram sebe,Dizgram,Publicistika,https://laguna.rs/_img/korice/6838/ovaj_put_biram_sebe-dizgram_s.png
Žene su besne,Dženifer Koks,Psihologija,https://laguna.rs/_img/korice/6799/zene_su_besne-dzenifer_koks_s.png
Toplina gnezda koja daje krila,"Štefani Štal,Julija Tomušat",Psihologija,https://laguna.rs/_img/korice/6732/toplina_gnezda_koja_daje_krila-stefani_stal-_julia_tomusat_s.png
Strah od vezivanja,Štefani Štal,Psihologija,https://laguna.rs/_img/korice/6361/strah_od_vezivanja-stefani_stal_s.png
Zajedničko razmišljanje,Karolina Volf,Psihologija,https://laguna.rs/_img/korice/5507/zajednicko_razmisljanje-karolina_volf_s.jpg
Svako je sposoban za vezu,Štefani Štal,Psihologija,https://laguna.rs/_img/korice/5429/svako_je_sposoban_za_vezu-stefani_stal_s.jpg
Velika knjiga o roditeljstvu,"Sabina Andrezen,Miha Brumlik,Klaus Koh",Psihologija,https://laguna.rs/_img/korice/2165/velika_knjiga_o_roditeljstvu_s.jpg
Dete u tebi mora da pronađe svoj zavičaj – radna sveska,Štefani Štal,Psihologija,https://laguna.rs/_img/korice/5224/dete_u_tebi_mora_da_pronadje_svoj_zavicaj_-_radna_sveska-stefani_stal_s.jpg
When you get a signal / Kada dobijete signal,Donald Dejvid Elmvuds,Psihologija,https://laguna.rs/_img/korice/4677/when_you_get_a_signal_kada_dobijete_signal-donald_dejvid_elmvuds_s.jpg
O ljubavi,Alen de Boton,Psihologija,https://laguna.rs/_img/korice/4624/o_ljubavi-alen_de_boton_s.jpg
Dete u tebi mora da pronađe svoj zavičaj,Štefani Štal,Psihologija,https://laguna.rs/_img/korice/4291/dete_u_tebi_mora_da_pronadje_svoj_zavicaj-stefani_stal_s.jpg
Škola za špijune,Denis Bukin,Psihologija,https://laguna.rs/_img/korice/4196/skola_za_spijune_-_da_li_ste_dovoljno_bistri_da_budete_agent_kgb-a-denis_bukin_s.jpg
Ne nauditi,Henri Marš,Psihologija,https://laguna.rs/_img/korice/3905/ne_nauditi-henri_mars_s.jpg
Tajna uspešne dece,Pol Taf,Psihologija,https://laguna.rs/_img/korice/2192/tajna_uspesne_dece-pol_taf_s.jpg
Samostalna deca su srećnija - pedagoški metod Marije Montesori,Hajdi Majer-Hauzer,Psihologija,https://laguna.rs/_img/korice/1884/samostalna_deca_su_srecnija_-_pedagoski_metod_marije_montesori_s.jpg
Jungova mapa duše,Marej Stajn,Psihologija,https://laguna.rs/_img/korice/545/jungova_mapa_duse-marej_stajn_s.jpg
Sve što nikada ne bi trebalo da znate o seksualnosti vaše dece,profesor Marsel Rifo,Psihologija,https://laguna.rs/_img/korice/500/sve_sto_nikada_ne_bi_trebalo_da_znate_o_seksualnosti_vase_dece-profesor_marsel_rifo_s.jpg
Prestonice,Ana Atanasković,Priče,https://laguna.rs/_img/korice/6970/prestonice-ana_atanaskovic_s.png
Kuke i verige – dopunjeno izdanje,Dejan Mihailović,Priče,https://laguna.rs/_img/korice/6872/kuke_i_verige_dopunjeno_izdanje-dejan_mihailovic_s.png
Merino Tigar,Slavimir Stojanović Futro,Priče,https://laguna.rs/_img/korice/6828/merino_tigar-slavimir_stojanovic_s.png
Sto za dvoje,Ejmor Touls,Priče,https://laguna.rs/_img/korice/6745/sto_za_dvoje-ejmor_touls_s.jpg
Kraj veka,Vladimir Pištalo,Priče,https://laguna.rs/_img/korice/6786/kraj_veka-vladimir_pistalo_s.jpg
Priče iz celog sveta,Vladimir Pištalo,Priče,https://laguna.rs/_img/korice/6785/price_iz_celog_sveta-vladimir_pistalo_s.jpg
Beogradski gubitnik,Branislav Bjelica,Priče,https://laguna.rs/_img/korice/6757/beogradski_gubitnik-branislav_bjelica_s.png
Novi ljudi pogrešnim redom,Jonas Karlson,Priče,https://laguna.rs/_img/korice/6748/novi_ljudi_pogresnim_redom-jonas_karlson_s.jpg
O čemu ne govorimo,Slavenka Drakulić,Priče,https://laguna.rs/_img/korice/6731/o_cemu_ne_govorimo_s.png
Barselona,Meri Kostelo,Priče,https://laguna.rs/_img/korice/6737/barselona-meri_kostelo_s.png
"Da si dobra, i Bog bi te imao: Porodične priče",Branko Anđić,Priče,https://laguna.rs/_img/korice/6648/da_si_dobra_i_bog_bi_te_imao_porodicne_price_s.png
Maca na recept,Šo Išida,Priče,https://laguna.rs/_img/korice/6583/maca_na_recept-so_isida_s.png
Pod srpom i čekićem i druge priče,Ivan Aleksejevič Bunjin,Priče,https://laguna.rs/_img/korice/6466/pod_srpom_i_cekicem_i_druge_price-ivan_aleksejevic_bunjin_s.png
O stvarima: Kratke priče,Kestutis Kasparavićus,Priče,https://laguna.rs/_img/korice/6602/o_stvarima_kratke_price__s.png
Priče i ožiljci,Milan Ružić,Priče,https://laguna.rs/_img/korice/6482/price_i_oziljci-milan_ruzic_s.png
Stranac u šumi – latinica,Vladika Grigorije,Priče,https://laguna.rs/_img/korice/6498/stranac_u_sumi_latinica_s.png
Stranac u šumi – ćirilica,Vladika Grigorije,Priče,https://laguna.rs/_img/korice/6497/stranac_u_sumi_cirilica_s.png
Osvetnici i klevetnici,Slaviša Pavlović,Priče,https://laguna.rs/_img/korice/6474/osvetnici_i_klevetnici_s.png
Muškarac u izvesnim godinama - novo dopunjeno izdanje,Vanja Bulić,Priče,https://laguna.rs/_img/korice/6401/muskarac_u_izvesnim_godinama_-_novo_dopunjeno_izdanje-vanja_bulic_s.png
Priče o životinjama za odrasle,Ljiljana Jovanović,Priče,https://laguna.rs/_img/korice/6404/price_o_zivotinjama_za_odrasle_s.png
Povrede na radu - Potpisan primerak,Marko Vidojković,Potpisane knjige,https://laguna.rs/_img/korice/6679/povrede_na_radu_-_potpisan_primerak-marko_vidojkovic_s.png
Neočekivana - Potpisan primerak,Keri Čin,Potpisane knjige,https://laguna.rs/_img/korice/6575/neocekivana_-_potpisan_primerak-keri_cin_s.png
Odgovor - Potpisan primerak,Hana Adrović,Potpisane knjige,https://laguna.rs/_img/korice/6372/odgovor_-_potpisan_primerak-hana_adrovic_s.png
Senka i san - Potpisan primerak,"Dejan Stojiljković,Vladimir Kecmanović",Potpisane knjige,https://laguna.rs/_img/korice/5575/senka_i_san_-_potpisan_primerak-dejan_stojiljkovic-_vladimir_kecmanovic_s.jpg
"10, 9, 8, 7… - Potpisan primerak",Dušan Petričić,Potpisane knjige,https://laguna.rs/_img/korice/5291/10_9_8_7_-_potpisan_primerak-dusan_petricic_s.jpg
Dum-dum - Potpisan primerak,Pavle Zelić,Potpisane knjige,https://laguna.rs/_img/korice/5209/dum-dum_-_potpisan_primerak_s.jpg
Veličina sveta - Potpisan primerak,Branko Anđić,Potpisane knjige,https://laguna.rs/_img/korice/4952/velicina_sveta_-_potpisan_primerak-branko_andjic_s.jpg
Poslednja stanica Britanija - Potpisan primerak,Goran Gocić,Potpisane knjige,https://laguna.rs/_img/korice/3984/poslednja_stanica_britanija_-_potpisani_primerci-goran_gocic_s.jpg
Helena ili o nemiru - Potpisan primerak,Mirjana Mitrović,Potpisane knjige,https://laguna.rs/_img/korice/3948/helena_ili_o_nemiru_-_potpisan_primerak-mirjana_mitrovic_s.jpg
Srodnici - Potpisan primerak,Jovica Aćin,Potpisane knjige,https://laguna.rs/_img/korice/3995/srodnici_-_potpisani_primerci-jovica_acin_s.jpg
Ulična akademija - Potpisan primerak,Lazar Ristovski,Potpisane knjige,https://laguna.rs/_img/korice/4005/ulicna_akademija_-_potpisan_primerak-lazar_ristovski_s.jpg
Arzamas - Potpisan primerak,Ivana Dimić,Potpisane knjige,https://laguna.rs/_img/korice/3940/arzamas_-_potpisan_primerak-ivana_dimic_s.jpg
The Memoirs of Jesus - Potpisan primerak,Vuk Drašković,Potpisane knjige,https://laguna.rs/_img/korice/4001/the_memoirs_of_jesus_-_potpisan_primerak-vuk_draskovic_s.jpg
Jednostavne priče - Potpisan primerak,Lazar Ristovski,Potpisane knjige,https://laguna.rs/_img/korice/3957/jednostavne_price_-_potpisan_primerak-lazar_ristovski_s.jpg
Pobedi u svakoj raspravi,Mehdi Hasan,Popularna psihologija,https://laguna.rs/_img/korice/6973/pobedi_u_svakoj_raspravi-mehdi_hasan_s.jpg
U harmoniji,Emili Nagoski,Popularna psihologija,https://laguna.rs/_img/korice/6899/u_harmoniji-emili_nagoski_s.png
Zato sanjamo,Rahul Džandajl,Popularna psihologija,https://laguna.rs/_img/korice/6809/zato_sanjamo-rahul_dzandajl_s.png
Zašto mi to niko ranije nije rekao? – dopunjeno izdanje,Džuli Smit,Popularna psihologija,https://laguna.rs/_img/korice/6873/zasto_mi_to_niko_ranije_nije_rekao_dopunjeno_izdanje_s.jpg
Kako da razgovarate sa svima,Lil Launds,Popularna psihologija,https://laguna.rs/_img/korice/6842/kako_da_razgovarate_sa_svima_s.png
Nadživeti: Nauka i umetnost dugovečnosti,Piter Atija,Popularna psihologija,https://laguna.rs/_img/korice/6826/nadziveti-piter_atija_s.jpg
Dnevnik jednog direktora,Stiven Bartlet,Popularna psihologija,https://laguna.rs/_img/korice/6749/dnevnik_jednog_direktora-stiven_bartlet_s.jpg
Tajmboksing,Mark Zao-Sanders,Popularna psihologija,https://laguna.rs/_img/korice/6728/tajmboksing-mark_zao-sanders_s.png
Toplina gnezda koja daje krila,"Štefani Štal,Julija Tomušat",Popularna psihologija,https://laguna.rs/_img/korice/6732/toplina_gnezda_koja_daje_krila-stefani_stal-_julia_tomusat_s.png
"Crvene zastavice, zelene zastavice",Ali Fenik,Popularna psihologija,https://laguna.rs/_img/korice/6721/crvene_zastavice_zelene_zastavice-ali_fenik_s.png
Premrežavanje,Nikol Vinjola,Popularna psihologija,https://laguna.rs/_img/korice/6685/premrezavanje_s.png
Nije problem u tebi,Ramani Durvasula,Popularna psihologija,https://laguna.rs/_img/korice/6557/nije_problem_u_tebi-ramani_durvasula_s.png
Vaš džepni terapeut,Eni Zimerman,Popularna psihologija,https://laguna.rs/_img/korice/6536/vas_dzepni_terapeut-eni_zimerman_s.png
Kreativni čin: način postojanja,Rik Rubin,Popularna psihologija,https://laguna.rs/_img/korice/6453/kreativni_cin_kao_nacin_postojanja-rik_rubin_s.png
Budi stoik: 366 drevnih mudrosti za svaki dan u godini,"Rajan Holidej,Stiven Henslman",Popularna psihologija,https://laguna.rs/_img/korice/6494/budi_stoik_366_drevnih_mudrosti_za_svaki_dan_u_godini_s.png
U ratu s mozgom,Hejli Moris,Popularna psihologija,https://laguna.rs/_img/korice/6505/u_ratu_s_mozgom-hejli_moris_s.png
Sijaj u prokletoj tami,Tara Šuster,Popularna psihologija,https://laguna.rs/_img/korice/6444/sijaj_u_prokletoj_tami-tara_suster_s.png
"Draga Doli: O ljubavi, životu i  prijateljstvu",Doli Olderton,Popularna psihologija,https://laguna.rs/_img/korice/6446/draga_doli_o_ljubavi_zivotu_i_prijateljstvu-doli_olderton_s.png
Lak način da prestanete da pušite,Alen Kar,Popularna psihologija,https://laguna.rs/_img/korice/6419/lak_nacin_da_prestanete_da_pusite-alen_kar_s.png
Povratak u mir,Siniša Ubović,Popularna psihologija,https://laguna.rs/_img/korice/6390/povratak_u_mir-sinisa_ubovic_s.png
Hemija sa stilom,"Jasminka Korolija,Ljuba Mandić,Nevena Stefanović",Popularna nauka,https://laguna.rs/_img/korice/6997/hemija_sa_stilom-jasminka_korolija-_ljuba_mandic_s.png
One stvari,Jasna Žmak,Popularna nauka,https://laguna.rs/_img/korice/6992/one_stvari_s.png
Najkraća istorija Kine,Linda Džejvin,Popularna nauka,https://laguna.rs/_img/korice/6976/najkraca_istorija_kine-linda_dzejvin_s.jpg
Zaista kratko putovanje kroz telo,Bil Brajson,Popularna nauka,https://laguna.rs/_img/korice/6935/zaista_kratko_putovanje_kroz_telo_s.jpg
Najkraća istorija sveta,Dejvid Bejker,Popularna nauka,https://laguna.rs/_img/korice/6883/najkraca_istorija_sveta_s.jpg
Nadživeti: Nauka i umetnost dugovečnosti,Piter Atija,Popularna nauka,https://laguna.rs/_img/korice/6826/nadziveti-piter_atija_s.jpg
Gen: Intimna istorija,Sidarta Mukardži,Popularna nauka,https://laguna.rs/_img/korice/4080/gen_intimna_istorija-sidarta_mukardzi_s.jpg
Najkraća istorija Indije,Džon Zubržicki,Popularna nauka,https://laguna.rs/_img/korice/6803/najkraca_istorija_indije_s.jpg
Ajnštajn u vremenu  i prostoru: Život u 99 čestica,Samjuel Grejdon,Popularna nauka,https://laguna.rs/_img/korice/6747/ajnstajn_u_vremenu_i_prostoru_zivot_u_99_cestica-samjuel_grejdon_s.png
Gorka pilula,Pavle Zelić,Popularna nauka,https://laguna.rs/_img/korice/6521/gorka_pilula-pavle_zelic_s.png
Budućnost geografije,Tim Maršal,Popularna nauka,https://laguna.rs/_img/korice/6441/buducnost_geografije-tim_marsal_s.png
Ogroman svet,Ed Jang,Popularna nauka,https://laguna.rs/_img/korice/6336/ogroman_svet-ed_jang_s.png
Nikad bolja: Sve o famoznoj menopauzi,Šila de Liz,Popularna nauka,https://laguna.rs/_img/korice/6207/nikad_bolja_sve_o_famoznoj_menopauzi-sejla_de_liz_s.png
Ilon Mask,Volter Ajzakson,Popularna nauka,https://laguna.rs/_img/korice/6274/ilon_mask-volter_ajzakson_s.jpg
Pesma ćelije,Sidarta Mukardži,Popularna nauka,https://laguna.rs/_img/korice/6265/pesma_celije-sidarta_mukardzi_s.jpg
Urnebesna fizika – ćirilica,"Igor Kolarov,Svetislav Paunović,Branko Stevanović",Popularna nauka,https://laguna.rs/_img/korice/6283/urnebesna_fizika_cirilica_s.png
"Ljubav, medicina i čuda",Berni Zigel,Popularna nauka,https://laguna.rs/_img/korice/6173/ljubav_medicina_i_cuda-berni_zigel_s.png
Živa planeta: Mreža života na Zemlji,Dejvid Atenboro,Popularna nauka,https://laguna.rs/_img/korice/6167/ziva_planeta_mreza_zivota_na_zemlji_s.jpg
Bez bola,Pit Igoskju,Popularna nauka,https://laguna.rs/_img/korice/6169/bez_bola_s.jpg
Otkačene činjenice za radoznalu decu od 8 godina,Grupa autora,Popularna nauka,https://laguna.rs/_img/korice/6156/otkacene_cinjenice_za_radoznalu_decu_od_8_godina-grupa_autora_s.jpg
"Evo, anđela!",Selimir Radulović,Poezija,https://laguna.rs/_img/korice/6941/evo_andjela-selimir_radulovic_s.png
Ispovest venecijanskog klovna,Igor Mirović,Poezija,https://laguna.rs/_img/korice/6897/ispovest_venecijanskog_klovna-igor_mirovic_s.png
"Džinovi, strašila i Nešto Treće",Dejan Aleksić,Poezija,https://laguna.rs/_img/korice/6771/dzinovi_strasila_i_nesto_trece-dejan_aleksic_s.jpg
Ljubav,Dona Ešvort,Poezija,https://laguna.rs/_img/korice/6615/ljubav_s.png
Život,Dona Ešvort,Poezija,https://laguna.rs/_img/korice/6616/zivot_s.png
Divlja nada,Dona Ešvort,Poezija,https://laguna.rs/_img/korice/6609/divlja_nada_s.png
Zabava za dokone kćeri,Ana Ristović,Poezija,https://laguna.rs/_img/korice/6522/zabava_za_dokone_kceri-ana_ristovic_s.png
Gorski vijenac,Petar II Petrović Njegoš,Poezija,https://laguna.rs/_img/korice/6483/gorski_vijenac-petar_ii_petrovic_njegos_s.png
"Po vodi koja je prala noge, Isusove",Selimir Radulović,Poezija,https://laguna.rs/_img/korice/6480/po_vodi_koja_je_prala_noge_isusove-selimir_radulovic_s.png
Vesela pesma nek decu budi,Dragan Lukić,Poezija,https://laguna.rs/_img/korice/6378/vesela_pesma_nek_decu_budi-dragan_lukic_s.png
Oganj i kelija,Vladimir Kecmanović,Poezija,https://laguna.rs/_img/korice/6335/oganj_i_kelija-vladimir_kecmanovic_s.png
Zmajeva riznica – latinica,Jovan Jovanović Zmaj,Poezija,https://laguna.rs/_img/korice/6343/zmajeva_riznica_latinica-jovan_jovanovic_zmaj_s.png
U lavirintu,Igor Mirović,Poezija,https://laguna.rs/_img/korice/6278/u_lavirintu-igor_mirovic_s.png
Džo Frejzer i 49 + 24 + 5 pesama,Srđan Valjarević,Poezija,https://laguna.rs/_img/korice/6238/dzo_frejzer_s.jpg
Ukrštene reči,Zoran Kostić Cane,Poezija,https://laguna.rs/_img/korice/6239/ukrstene_reci_s.jpg
Izabrana dela Selimira Radulovića,Selimir Radulović,Poezija,https://laguna.rs/_img/korice/6294/izabrana_dela_selimira_radulovica-selimir_radulovic_s.jpg
Tri JaJaJa na oko,Ljubivoje Ršumović,Poezija,https://laguna.rs/_img/korice/6066/tri_jajaja_na_oko-ljubivoje_rsumovic_s.jpg
"Zapis na stubu, Jerusalimskom",Selimir Radulović,Poezija,https://laguna.rs/_img/korice/5993/zapis_na_stubu_jerusalimskom-selimir_radulovic_s.jpg
Gradinar,Rabindranat Tagore,Poezija,https://laguna.rs/_img/korice/6000/gradinar-rabindranat_tagore_s.png
Poeme,Miroslav Antić,Poezija,https://laguna.rs/_img/korice/5702/poeme-miroslav_antic_s.jpg
Iskupljenje vremena,Baošu,Naučna fantastika,https://laguna.rs/_img/korice/6798/iskupljenje_vremena-baosu_s.jpg
Deca sećanja,Adrijan Čajkovski,Naučna fantastika,https://laguna.rs/_img/korice/6304/deca_secanja-adrijan_cajkovski_s.jpg
Klanica pet,Kurt Vonegat,Naučna fantastika,https://laguna.rs/_img/korice/5723/klanica_pet-kurt_vonegat_s.jpg
Pad nemani,Džejms S. A. Kori,Naučna fantastika,https://laguna.rs/_img/korice/5591/pad_nemani-dzejms_s_a_kori_s.jpg
I-Sky,Nenad Ilić,Naučna fantastika,https://laguna.rs/_img/korice/5567/i-sky_s.jpg
Rat svetova,H. Dž. Vels,Naučna fantastika,https://laguna.rs/_img/korice/5471/rat_svetova-h_dz_vels_s.jpg
Luna – Mesečev osvit,Ijan Mekdonald,Naučna fantastika,https://laguna.rs/_img/korice/5300/luna_mesecev_osvit-ijan_mekdonald_s.jpg
Komplet - Fantastika,"Džordž R. R. Martin,Stiven Erikson,Džo Aberkrombi,Marlon Džejms",Naučna fantastika,https://laguna.rs/_img/korice/5353/komplet_-_fantastika-dzordz_r_r_martin-_stiven_erikson-_dzo_aberkrombi-_marlon_dzejms_s.jpg
Kraj smrti,Liju Cisin,Naučna fantastika,https://laguna.rs/_img/korice/5245/kraj_smrti-liju_cisin_s.jpg
Luna – Vučji mesec,Ijan Mekdonald,Naučna fantastika,https://laguna.rs/_img/korice/5172/luna_vucji_mesec-ijan_mekdonald_s.jpg
Tijamatin gnev,Džejms S. A. Kori,Naučna fantastika,https://laguna.rs/_img/korice/4978/tijamatin_gnev-dzejms_s_a_kori_s.jpg
Luna – Mlad mesec,Ijan Mekdonald,Naučna fantastika,https://laguna.rs/_img/korice/4973/luna_mlad_mesec-ijan_mekdonald_s.jpg
Komplet – Izabrana dela Česlava Miloša,Česlav Miloš,Naučna fantastika,https://laguna.rs/_img/korice/4781/komplet_izabrana_dela_ceslava_milosa-ceslav_milos_s.jpg
Mračna šuma,Liju Cisin,Naučna fantastika,https://laguna.rs/_img/korice/4937/mracna_suma-liju_cisin_s.jpg
Deca propasti,Adrijan Čajkovski,Naučna fantastika,https://laguna.rs/_img/korice/4828/deca_propasti-adrijan_cajkovski_s.jpg
Cena radosti,Stiven Erikson,Naučna fantastika,https://laguna.rs/_img/korice/4685/cena_radosti-stiven_erikson_s.jpg
Uspon Persepolisa,Džejms S. A. Kori,Naučna fantastika,https://laguna.rs/_img/korice/4467/uspon_persepolisa-dzejms_s_a_kori_s.jpg
Problem tri tela,Liju Cisin,Naučna fantastika,https://laguna.rs/_img/korice/4463/problem_tri_tela-liju_cisin_s.jpg
Odaja sećanja,Holi Kejv,Naučna fantastika,https://laguna.rs/_img/korice/3825/odaja_secanja-holi_kejv_s.jpg
Probuđene furije,Ričard Morgan,Naučna fantastika,https://laguna.rs/_img/korice/4165/probudjene_furije-ricard_morgan_s.jpg
Komi ne ume da komunicira 30,Tomohito Oda,Nagrađene knjige,https://laguna.rs/_img/korice/6988/komi_ne_ume_da_komunicira_30-tomohito_oda_s.png
Martin udio,Sanja Savić Milosavljević,Nagrađene knjige,https://laguna.rs/_img/korice/6969/martin_udio-sanja_savic_milosavljevic_s.png
Tigar i Vuk,Adrijan Čajkovski,Nagrađene knjige,https://laguna.rs/_img/korice/6928/tigar_i_vuk-adrijan_cajkovski_s.jpg
Komi ne ume da komunicira 29,Tomohito Oda,Nagrađene knjige,https://laguna.rs/_img/korice/6987/komi_ne_ume_da_komunicira_29-tomohito_oda_s.png
Komi ne ume da komunicira 28,Tomohito Oda,Nagrađene knjige,https://laguna.rs/_img/korice/6915/komi_ne_ume_da_komunicira_28-tomohito_oda_s.png
Noćni čuvar,Džejn En Filips,Nagrađene knjige,https://laguna.rs/_img/korice/6871/nocni_cuvar-dzejn_en_filips_s.jpg
Poštarka,Frančeska Đanone,Nagrađene knjige,https://laguna.rs/_img/korice/6845/postarka-franceska_djanone_s.jpg
Komi ne ume da komunicira 27,Tomohito Oda,Nagrađene knjige,https://laguna.rs/_img/korice/6914/komi_ne_ume_da_komunicira_27-tomohito_oda_s.png
Komi ne ume da komunicira 26,Tomohito Oda,Nagrađene knjige,https://laguna.rs/_img/korice/6913/komi_ne_ume_da_komunicira_26-tomohito_oda_s.png
Kako je svet stvorio Zapad,Džozefina Kvin,Nagrađene knjige,https://laguna.rs/_img/korice/6895/kako_je_svet_stvorio_zapad-dzozefina_kvin_s.png
Komi ne ume da komunicira 25,Tomohito Oda,Nagrađene knjige,https://laguna.rs/_img/korice/6890/komi_ne_ume_da_komunicira_25-tomohito_oda_s.png
Okrugla kuća,Luiz Erdrik,Nagrađene knjige,https://laguna.rs/_img/korice/6876/okrugla_kuca-luiz_erdrik_s.png
Komi ne ume da komunicira 24,Tomohito Oda,Nagrađene knjige,https://laguna.rs/_img/korice/6894/komi_ne_ume_da_komunicira_24-tomohito_oda_s.png
Komi ne ume da komunicira 23,Tomohito Oda,Nagrađene knjige,https://laguna.rs/_img/korice/6868/komi_ne_ume_da_komunicira_23-tomohito_oda_s.png
Bekos,Enes Halilović,Nagrađene knjige,https://laguna.rs/_img/korice/6847/bekos-enes_halilovic_s.jpg
Sviftovi: Rečnik nevaljalaca,"Bet Linkoln,Kler Pauel",Nagrađene knjige,https://laguna.rs/_img/korice/6863/sviftovi_recnik_nevaljalaca_s.jpg
Komi ne ume da komunicira 22,Tomohito Oda,Nagrađene knjige,https://laguna.rs/_img/korice/6854/komi_ne_ume_da_komunicira_22_s.jpg
Komi ne ume da komunicira 21,Tomohito Oda,Nagrađene knjige,https://laguna.rs/_img/korice/6853/komi_ne_ume_da_komunicira_21_s.jpg
Komi ne ume da komunicira 20,Tomohito Oda,Nagrađene knjige,https://laguna.rs/_img/korice/6832/komi_ne_ume_da_komunicira_20-tomohito_oda_s.png
Komi ne ume da komunicira 19,Tomohito Oda,Nagrađene knjige,https://laguna.rs/_img/korice/6831/komi_ne_ume_da_komunicira_19-tomohito_oda_s.png
Stone Age: Šezdeset godina Rolingstounsa,Lesli-En Džouns,Muzika,https://laguna.rs/_img/korice/6139/stone_age_sezdeset_godina_rolingstounsa-lesli-en_dzouns_s.jpg
Žena u meni,Britni Spirs,Muzika,https://laguna.rs/_img/korice/6182/zena_u_meni-britni_spirs_s.png
VIL,"Mark Manson,Vil Smit",Muzika,https://laguna.rs/_img/korice/5652/vil-mark_manson-_vil_smit_s.jpg
Osetljivi titan,Kristina Ajhel,Muzika,https://laguna.rs/_img/korice/5612/osetljivi_titan-kristina_ajhel_s.jpg
Panonski admiral,Ivan Ivačković,Muzika,https://laguna.rs/_img/korice/5535/panonski_admiral-ivan_ivackovic_s.jpg
Neka ljubav vlada,"Leni Kravic,Dejvid Ric",Muzika,https://laguna.rs/_img/korice/5415/neka_ljubav_vlada-leni_kravic-_dejvid_ric_s.jpg
Niko se odavde neće izvući živ,"Džeri Hopkins,Deni Šugermen",Muzika,https://laguna.rs/_img/korice/5192/niko_se_odavde_nece_izvuci_ziv-dzeri_hopkins-_deni_sugermen_s.jpg
Ovo sam ja,Aca Lukas,Muzika,https://laguna.rs/_img/korice/5158/ovo_sam_ja-aca_lukas_s.jpg
Komplet – Muzičke ikone,"Erik Klepton,Brus Springstin,Rej Konoli",Muzika,https://laguna.rs/_img/korice/4713/komplet_muzicke_ikone-erik_klepton-_brus_springstin-_rej_konoli_s.jpg
Dva su jahača prilazila,Mik Vol,Muzika,https://laguna.rs/_img/korice/4947/dva_su_jahaca_prilazila-mik_vol_s.jpg
Dženis: Njen život i muzika,Holi Džordž-Voren,Muzika,https://laguna.rs/_img/korice/4881/dzenis_njen_zivot_i_muzika-holi_dzordz-voren_s.jpg
Biti Elvis,Rej Konoli,Muzika,https://laguna.rs/_img/korice/4846/biti_elvis-rej_konoli_s.jpg
Bili Ajliš: vodič za fanove,Malkolm Kroft,Muzika,https://laguna.rs/_img/korice/4867/bili_ajlis_vodic_za_fanove-malkolm_kroft_s.jpg
Umetnost pobune – The Rolling Stones,Ivan Ivačković,Muzika,https://laguna.rs/_img/korice/4824/umetnost_pobune_the_rolling_stones-ivan_ivackovic_s.jpg
Ja,Elton Džon,Muzika,https://laguna.rs/_img/korice/4780/ja-elton_dzon_s.jpg
Pesma sirene – moj život u muzici,Simor Stajn,Muzika,https://laguna.rs/_img/korice/4818/pesma_sirene_moj_zivot_u_muzici-simor_stajn_s.jpg
Bunt dece socijalizma,Dušan Vesić,Muzika,https://laguna.rs/_img/korice/4744/bunt_dece_socijalizma-dusan_vesic_s.jpg
Između krajnosti,Ivan Ivačković,Muzika,https://laguna.rs/_img/korice/4476/izmedju_krajnosti-ivan_ivackovic_s.jpg
Biti Džon Lenon,Rej Konoli,Muzika,https://laguna.rs/_img/korice/4327/biti_dzon_lenon-rej_konoli_s.jpg
Van Gogh – More bez obala,Zvonimir Đukić Đule,Muzika,https://laguna.rs/_img/korice/4257/van_gogh_more_bez_obala-zvonimir_djukic_djule_s.jpg
Nordijska mitologija – ilustrovano izdanje,"Nil Gejmen,Livaj Pinfold",Mitologije,https://laguna.rs/_img/korice/6621/nordijska_mitologija-nil_gejmen_s.png
Psiha i Eros,Luna Maknamara,Mitologije,https://laguna.rs/_img/korice/6467/psiha_i_eros-luna_maknamara_s.png
Klitemnestra,Kostanca Kazati,Mitologije,https://laguna.rs/_img/korice/6087/klitemnestra-kostanca_kazati_s.jpg
Kaikeji,Vaišnavi Patel,Mitologije,https://laguna.rs/_img/korice/6085/kaikeji-vaisnavi_patel_s.png
Meduzin pogled,Natali Hejns,Mitologije,https://laguna.rs/_img/korice/5898/meduzin_pogled-natali_hejns_s.png
Kćeri Sparte,Kler Hejvud,Mitologije,https://laguna.rs/_img/korice/5871/kceri_sparte-kler_hejvud_s.png
"Mitovi, čudovišta i bogovi u staroj Grčkoj",Džejms Dejvis,Mitologije,https://laguna.rs/_img/korice/5642/mitovi_cudovista_i_bogovi_u_staroj_grckoj_s.jpg
Ćutanje devojaka,Pet Barker,Mitologije,https://laguna.rs/_img/korice/5467/cutanje_devojaka-pet_barker_s.jpg
Mitopedija,Good Wives and Warriors,Mitologije,https://laguna.rs/_img/korice/5371/mitopedija_s.jpg
Slovenska mitologija - latinica,Nenad Gajić,Mitologije,https://laguna.rs/_img/korice/5311/slovenska_mitologija_-_latinica_s.jpg
Najlepše priče iz grčke mitologije,Stefanija Leonardi Hartli,Mitologije,https://laguna.rs/_img/korice/3641/najlepse_price_iz_grcke_mitologije-stefanija_leonardi_hartli_s.jpg
Rečnik srpskih mitoloških bića (priče i legende),Tamara Lujak,Mitologije,https://laguna.rs/_img/korice/5217/recnik_srpskih_mitoloskih_bica_price_i_legende_s.jpg
Rečnik slovenske mitologije (priče i legende),Tamara Lujak,Mitologije,https://laguna.rs/_img/korice/5216/recnik_slovenske_mitologije_price_i_legende_s.jpg
Ahilova pesma,Madlin Miler,Mitologije,https://laguna.rs/_img/korice/5126/ahilova_pesma-madlin_miler_s.jpg
Venera i Afrodita: Istorija jedne boginje,Betani Hjuz,Mitologije,https://laguna.rs/_img/korice/5109/venera_i_afrodita_istorija_jedne_boginje-betani_hjuz_s.jpg
Hiljadu brodova,Natali Hejns,Mitologije,https://laguna.rs/_img/korice/5051/hiljadu_brodova-natali_hejns_s.jpg
Kirka,Madlin Miler,Mitologije,https://laguna.rs/_img/korice/4552/kirka-madlin_miler_s.jpg
"Mitovi i legende: judaizam, hrišćanstvo, islam",Vladeta Janković,Mitologije,https://laguna.rs/_img/korice/3711/mitove_i_legende_s.jpg
Nordijska mitologija,Nil Gejmen,Mitologije,https://laguna.rs/_img/korice/3685/nordijska_mitologija-nil_gejmen_s.jpg
Mitovi sveta,Luis Tomas Melgar Valero,Mitologije,https://laguna.rs/_img/korice/3640/mitovi_sveta_s.jpg
Pobedi u svakoj raspravi,Mehdi Hasan,Marketing i menadžment,https://laguna.rs/_img/korice/6973/pobedi_u_svakoj_raspravi-mehdi_hasan_s.jpg
Dnevnik jednog direktora,Stiven Bartlet,Marketing i menadžment,https://laguna.rs/_img/korice/6749/dnevnik_jednog_direktora-stiven_bartlet_s.jpg
Mastering the Craft,Miroslav Mišković,Marketing i menadžment,https://laguna.rs/_img/korice/6698/mastering_the_craft_s.png
Planeta talenata,Aleksandar Ignjatović Pertini,Marketing i menadžment,https://laguna.rs/_img/korice/6552/planeta_talenata_s.png
Tajne zanata,Miroslav Mišković,Marketing i menadžment,https://laguna.rs/_img/korice/6532/tajne_zanata-miroslav_miskovic_s.png
200 kila: Šta zna emigrant šta je korporacija,Bojan Leković,Marketing i menadžment,https://laguna.rs/_img/korice/6358/200_kila-bojan_lekovic_s.png
Kreativno slepilo,Dejv Trot,Marketing i menadžment,https://laguna.rs/_img/korice/5942/kreativno_slepilo_i_kako_ga_izleciti-dejv_trot_s.png
1+1=3,Dejv Trot,Marketing i menadžment,https://laguna.rs/_img/korice/5894/113-dejv_trot_s.jpg
Patov zakon i uspešni tehnokrata,Arčibald Pat,Marketing i menadžment,https://laguna.rs/_img/korice/5826/patov_zakon_i_uspesni_tehnokrata-arcibald_pat_s.jpg
Predatorsko razmišljanje,Dejv Trot,Marketing i menadžment,https://laguna.rs/_img/korice/5594/predatorsko_razmisljanje_s.jpg
Zajedničko razmišljanje,Karolina Volf,Marketing i menadžment,https://laguna.rs/_img/korice/5507/zajednicko_razmisljanje-karolina_volf_s.jpg
Dizanje organizacije,Robert Taunsend,Marketing i menadžment,https://laguna.rs/_img/korice/5481/dizanje_organizacije_s.jpg
Kakodalogija,Ivan Stanković,Marketing i menadžment,https://laguna.rs/_img/korice/2442/kakodalogija-ivan_stankovic_s.jpg
Smišljajte i istražujte: Sabrani spisi,Džef Bezos,Marketing i menadžment,https://laguna.rs/_img/korice/5324/smisljajte_i_istrazujte-dzef_bezos_s.jpg
Knjiga o Netfliksu: Ne pravilima,Rid Hejstings i Erin Mejer,Marketing i menadžment,https://laguna.rs/_img/korice/5287/knjiga_o_netfliksu_s.jpg
Bears on the Road,Bojan Leković,Marketing i menadžment,https://laguna.rs/_img/korice/5274/bears_on_the_road-bojan_lekovic_s.jpg
Medvedi na putu,Bojan Leković,Marketing i menadžment,https://laguna.rs/_img/korice/4776/medvedi_na_putu-bojan_lekovic_s.jpg
Od nule do jedan,"Piter Til,Blejk Masters",Marketing i menadžment,https://laguna.rs/_img/korice/3690/od_nule_do_jedan-piter_til_s.jpg
Mamin test,Rob Ficpatrik,Marketing i menadžment,https://laguna.rs/_img/korice/3695/mamin_test-rob_ficpatrik_s.jpg
Crna knjiga korporacija,"Klaus Verner-Lobo,Hans Vajs",Marketing i menadžment,https://laguna.rs/_img/korice/2984/crna_knjiga_korporacija-hans_vajs-_klaus_verner-lobo_s.jpg
Obećana Nedođija 10,"Kaju Širai,Posuka Demizu",Manga i strip,https://laguna.rs/_img/korice/6950/obecana_nedodjija_10_s.png
Komi ne ume da komunicira 30,Tomohito Oda,Manga i strip,https://laguna.rs/_img/korice/6988/komi_ne_ume_da_komunicira_30-tomohito_oda_s.png
Obećana Nedođija 9,"Kaju Širai,Posuka Demizu",Manga i strip,https://laguna.rs/_img/korice/6949/obecana_nedodjija_9-kaju_sirai-_posuka_demizu_s.png
Komi ne ume da komunicira 29,Tomohito Oda,Manga i strip,https://laguna.rs/_img/korice/6987/komi_ne_ume_da_komunicira_29-tomohito_oda_s.png
Obećana Nedođija 8,"Kaju Širai,Posuka Demizu",Manga i strip,https://laguna.rs/_img/korice/6948/obecana_nedodjija_8-kaju_sirai-_posuka_demizu_s.png
Komi ne ume da komunicira 28,Tomohito Oda,Manga i strip,https://laguna.rs/_img/korice/6915/komi_ne_ume_da_komunicira_28-tomohito_oda_s.png
Obećana Nedođija 7,"Kaju Širai,Posuka Demizu",Manga i strip,https://laguna.rs/_img/korice/6932/obecana_nedodjija_7_s.jpg
Komi ne ume da komunicira 27,Tomohito Oda,Manga i strip,https://laguna.rs/_img/korice/6914/komi_ne_ume_da_komunicira_27-tomohito_oda_s.png
Obećana Nedođija 6,"Kaju Širai,Posuka Demizu",Manga i strip,https://laguna.rs/_img/korice/6930/obecana_nedodjija_6_s.jpg
Komi ne ume da komunicira 26,Tomohito Oda,Manga i strip,https://laguna.rs/_img/korice/6913/komi_ne_ume_da_komunicira_26-tomohito_oda_s.png
Obećana Nedođija 5,"Kaju Širai,Posuka Demizu",Manga i strip,https://laguna.rs/_img/korice/6892/obecana_nedodjija_5-kaju_sirai-_posuka_demizu_s.png
Komi ne ume da komunicira 25,Tomohito Oda,Manga i strip,https://laguna.rs/_img/korice/6890/komi_ne_ume_da_komunicira_25-tomohito_oda_s.png
Obećana Nedođija 4,"Kaju Širai,Posuka Demizu",Manga i strip,https://laguna.rs/_img/korice/6891/obecana_nedodjija_4-kaju_sirai-_posuka_demizu_s.png
Komi ne ume da komunicira 24,Tomohito Oda,Manga i strip,https://laguna.rs/_img/korice/6894/komi_ne_ume_da_komunicira_24-tomohito_oda_s.png
Obećana Nedođija 3,"Kaju Širai,Posuka Demizu",Manga i strip,https://laguna.rs/_img/korice/6885/zameniti_naslov-kaju_sirai-_posuka_demizu_s.jpg
Komi ne ume da komunicira 23,Tomohito Oda,Manga i strip,https://laguna.rs/_img/korice/6868/komi_ne_ume_da_komunicira_23-tomohito_oda_s.png
Obećana Nedođija 2,"Kaju Širai,Posuka Demizu",Manga i strip,https://laguna.rs/_img/korice/6866/obecana_nedodjija_2_s.png
Komi ne ume da komunicira 22,Tomohito Oda,Manga i strip,https://laguna.rs/_img/korice/6854/komi_ne_ume_da_komunicira_22_s.jpg
Obećana Nedođija 1,"Kaju Širai,Posuka Demizu",Manga i strip,https://laguna.rs/_img/korice/6846/obecana_nedodjija_1-kaju_sirai-_posuka_demizu_s.png
Komi ne ume da komunicira 21,Tomohito Oda,Manga i strip,https://laguna.rs/_img/korice/6853/komi_ne_ume_da_komunicira_21_s.jpg
Lekcije iz foliranja,Selina Mej,Ljubavni,https://laguna.rs/_img/korice/6927/lekcije_iz_foliranja-selina_mej_s.jpg
Trenutak za ljubav,Kristina Moninger,Ljubavni,https://laguna.rs/_img/korice/6974/trenutak_za_ljubav-kristina_moninger_s.jpg
Kao biser u okeanu,Sara Lark,Ljubavni,https://laguna.rs/_img/korice/6961/kao_biser_u_okeanu-sara_lark_s.png
Čovek od hiljadu lutanja,Anjes Marten-Ligan,Ljubavni,https://laguna.rs/_img/korice/6797/covek_od_hiljadu_lutanja-anjes_marten-ligan_s.jpg
Poštarka,Frančeska Đanone,Ljubavni,https://laguna.rs/_img/korice/6845/postarka-franceska_djanone_s.jpg
Nezaboravna Loreta Darling,Ketrin Blejk,Ljubavni,https://laguna.rs/_img/korice/6920/nezaboravna_loreta_darling-ketrin_blejk_s.png
Ugasi svetlo,Navesa Alen,Ljubavni,https://laguna.rs/_img/korice/6900/ugasi_svetlo-navesa_alen_s.png
Knjižara zabranjenih knjiga,Mark Levi,Ljubavni,https://laguna.rs/_img/korice/6881/knjizara_zabranjenih_knjiga-mark_levi_s.png
Crna noć nada mnom i zvezdano nebo u meni,Ivan Tokin,Ljubavni,https://laguna.rs/_img/korice/6875/crna_noc_nada_mnom_i_zvezdano_nebo_u_meni-ivan_tokin_s.jpg
Ema,Žan Reno,Ljubavni,https://laguna.rs/_img/korice/6781/ema-zan_reno_s.png
Završnica,Kejt Stjuart,Ljubavni,https://laguna.rs/_img/korice/6769/zavrsnica-kejt_stjuart_s.jpg
Pamtim sve,Milena Sekulić Odalović,Ljubavni,https://laguna.rs/_img/korice/6848/pamtim_sve_s.jpg
Teheranske lavice,Mardžan Kamali,Ljubavni,https://laguna.rs/_img/korice/6759/teheranske_lavice-mardzan_kamali_s.jpg
Prolećna oluja,Dženi Kolgan,Ljubavni,https://laguna.rs/_img/korice/6801/prolecna_oluja-dzeni_kolgan_s.jpg
Opsesija,Vaj Kiland,Ljubavni,https://laguna.rs/_img/korice/6766/opsesija-vaj_kiland_s.jpg
Buket žutih ruža,Ljiljana Šarac,Ljubavni,https://laguna.rs/_img/korice/6795/buket_zutih_ruza-ljiljana_sarac_s.jpg
"Nekada davno, kraj velike šume",Leo Vardijašvili,Ljubavni,https://laguna.rs/_img/korice/6779/nekada_davno_kraj_velike_sume-leo_vardijasvili_s.jpg
Pre zalaska sunca,Eva Pap,Ljubavni,https://laguna.rs/_img/korice/6791/pre_zalaska_sunca-eva_pap_s.jpg
Majčinstvo,Šila Heti,Ljubavni,https://laguna.rs/_img/korice/6722/majcinstvo-sila_heti_s.jpg
Lotosove cipele,Džejn Jang,Ljubavni,https://laguna.rs/_img/korice/6607/lotosove_cipele-dzejn_jang_s.png
Posni kuvar s pravilima posta,Onufrije Hilandarac,Kuvari,https://laguna.rs/_img/korice/5752/posni_kuvar_s_pravilima_posta_s.jpg
Pravilna linija ishrane – Zvanični kuvar,Suzan Pirs Tompson,Kuvari,https://laguna.rs/_img/korice/5056/pravilna_linija_ishrane_zvanicni_kuvar-suzan_pirs_tompson_s.jpg
Plazma Plazmastičarnica 3.0,Grupa autora,Kuvari,https://laguna.rs/_img/korice/4918/plazma_plazmasticarnica_30-grupa_autora_s.jpg
Čarobna kuhinja za osobe sa dijabetesom,Violeta Orešković Ćurčić,Kuvari,https://laguna.rs/_img/korice/4231/carobna_kuhinja_za_osobe_sa_dijabetesom-violeta_oreskovic_curcic_s.jpg
Plazma Plazmastičarnica 2.0,Grupa autora,Kuvari,https://laguna.rs/_img/korice/3712/plazma_plazmasticarnica_20_s.jpg
U sve se meša – ljubav,Zdravko Gavrilović,Kuvari,https://laguna.rs/_img/korice/3705/u_sve_se_mesa_ljubav-zdravko_gavrilovic_s.jpg
Najbolja jela Srbije,"Milovan Mića Stojanović,Milan Stojanović",Kuvari,https://laguna.rs/_img/korice/3629/najbolja_jela_srbije_s.jpg
Plazma Plazmastičarnica,Grupa autora,Kuvari,https://laguna.rs/_img/korice/3297/plazmasticarnica-grupa_autora_s.jpg
Svetogorski kuvar,Onufrije Hilandarac,Kuvari,https://laguna.rs/_img/korice/2831/svetogorski_kuvar-onufrije_hilandarac_s.jpg
Larousse - 100 recepata za bebe,Selin Šaro,Kuvari,https://laguna.rs/_img/korice/2572/larousse_-_100_recepata_za_bebe-selin_saro_s.jpg
U lepinji – najbolji recepti,Žan-Fransoa Male,Kuvari,https://laguna.rs/_img/korice/2558/u_lepinji_najbolji_recepti-zan-fransoa_male_s.jpg
30 najboljih recepata s kremom Nutella,Grupa autora,Kuvari,https://laguna.rs/_img/korice/2481/30_najboljih_recepata_nutella-grupa_autora_s.jpg
Recite zbogom pšenici,Vilijem Dejvis,Kuvari,https://laguna.rs/_img/korice/2381/recite_zbogom_psenici_s.jpg
Dvodnevna dijeta,"Mišel Harvi,Toni Hauel",Kuvari,https://laguna.rs/_img/korice/2322/dvodnevna_dijeta-toni_hauel-_misel_harvi_s.jpg
Serviraj za pobedu,Novak Đoković,Kuvari,https://laguna.rs/_img/korice/2245/serviraj_za_pobedu_s.jpg
Do bolesti i natrag,Marina Furlan,Kuvari,https://laguna.rs/_img/korice/2182/do_bolesti_i_natrag-marina_furlan_s.jpg
Sale & Pepe - Pasta i pirinač,Grupa autora,Kuvari,https://laguna.rs/_img/korice/2015/sale_pepe_-_pasta_i_pirinac-grupa_autora_s.jpg
"Moja tajna – ljubav, vežbanje, kuvanje",Sanja Marinković,Kuvari,https://laguna.rs/_img/korice/1985/moja_tajna_ljubav_vezbanje_kuvanje-sanja_marinkovic_s.jpg
Veliki kuvar,Grupa autora,Kuvari,https://laguna.rs/_img/korice/1963/veliki_kuvar-grupa_autora_s.jpg
Sale & Pepe - Sočno meso na trpezi,Grupa autora,Kuvari,https://laguna.rs/_img/korice/1881/sale_pepe_-_socno_meso_na_trpezi-grupa_autora_s.jpg
Ako mi se nešto desi,Aleks Finli,Kriminalistički,https://laguna.rs/_img/korice/6849/ako_mi_se_nesto_desi-aleks_finli_s.jpg
Hildir,Satu Reme,Kriminalistički,https://laguna.rs/_img/korice/6931/hildir-satu_reme_s.png
Usta puna mora,Jurica Pavičić,Kriminalistički,https://laguna.rs/_img/korice/6962/usta_puna_mora-jurica_pavicic_s.png
Vrisak,"Jern Lir Horst,Jan-Erik Fjel",Kriminalistički,https://laguna.rs/_img/korice/6896/vrisak-jern_lir_horst-_jan-erik_fjel_s.png
Ubilački potencijal,Hana Dič,Kriminalistički,https://laguna.rs/_img/korice/6861/ubilacki_potencijal-hana_dic_s.png
Mesta prelaska,Eli Grifits,Kriminalistički,https://laguna.rs/_img/korice/6851/mesta_prelaska-eli_grifits_s.png
Ukus straha,Zoran Petrović,Kriminalistički,https://laguna.rs/_img/korice/6835/ukus_straha-zoran_petrovic_s.png
Minesota,Ju Nesbe,Kriminalistički,https://laguna.rs/_img/korice/6790/minesota-ju_nesbe_s.jpg
Krv tamnija od mastila,Aleks Pavezi,Kriminalistički,https://laguna.rs/_img/korice/6823/krv_tamnija_od_mastila_s.jpg
Znam jednu tajnu,Tes Geritsen,Kriminalistički,https://laguna.rs/_img/korice/6770/znam_jednu_tajnu-tes_geritsen_s.png
Devojka pod drvetom,Sara Bledel,Kriminalistički,https://laguna.rs/_img/korice/6738/devojka_pod_drvetom-sara_bledel_s.jpg
Poslednji problem,Arturo Peres-Reverte,Kriminalistički,https://laguna.rs/_img/korice/6715/poslednji_problem-arturo_peres-reverte_s.png
Ubistva u Beloj zemlji,Žan-Lik Banalek,Kriminalistički,https://laguna.rs/_img/korice/6687/ubistva_u_beloj_zemlji_s.png
Sto posto,Andeš Ruslund,Kriminalistički,https://laguna.rs/_img/korice/6636/sto_posto-andes_ruslund_s.png
Dobro razmisli,Harlan Koben,Kriminalistički,https://laguna.rs/_img/korice/6691/dobro_razmisli_s.png
Rizničar tajni,Zoran Petrović,Kriminalistički,https://laguna.rs/_img/korice/6608/riznicar_tajni-zoran_petrovic_s.png
Jedno đubre manje,Đorđe Bajić,Kriminalistički,https://laguna.rs/_img/korice/6586/jedno_djubre_manje_s.jpg
Kralj Usa: Kraljevstvo 2,Ju Nesbe,Kriminalistički,https://laguna.rs/_img/korice/6431/kralj_usa_kraljevstvo_2-ju_nesbe_s.png
Zločinački manifest,Kolson Vajthed,Kriminalistički,https://laguna.rs/_img/korice/6373/zlocinacki_manifest-kolson_vajthed_s.png
Sinajski testament,Vanja Bulić,Kriminalistički,https://laguna.rs/_img/korice/6321/sinajski_testament-vanja_bulic_s.png
Bojim se da ste zapatili zmajeve,Piter S. Bigl,Komična fantastika,https://laguna.rs/_img/korice/6957/bojim_se_da_ste_zapatili_zmajeve_s.jpg
Deda pras,Teri Pračet,Komična fantastika,https://laguna.rs/_img/korice/902/deda_pras-teri_pracet_s.jpg
Maskarada,Teri Pračet,Komična fantastika,https://laguna.rs/_img/korice/492/maskarada-teri_pracet_s.png
Dušmani,Teri Pračet,Komična fantastika,https://laguna.rs/_img/korice/1209/dusmani-teri_pracet_s.jpg
Zimovnik,Teri Pračet,Komična fantastika,https://laguna.rs/_img/korice/6825/zimovnik_s.jpg
Gospoda i dame,Teri Pračet,Komična fantastika,https://laguna.rs/_img/korice/78/gospoda_i_dame-teri_pracet_s.jpg
Duševna muzika,Teri Pračet,Komična fantastika,https://laguna.rs/_img/korice/190/dusevna_muzika-teri_pracet_s.png
Oružane snage,Teri Pračet,Komična fantastika,https://laguna.rs/_img/korice/119/oruzane_snage-teri_pracet_s.png
Zanimljiva vremena,Teri Pračet,Komična fantastika,https://laguna.rs/_img/korice/319/zanimljiva_vremena-teri_pracet_s.png
Mali bogovi,Teri Pračet,Komična fantastika,https://laguna.rs/_img/korice/37/mali_bogovi-teri_pracet_s.png
Leptirica Marni i misterija meseca,Lora Elen Anderson,Komična fantastika,https://laguna.rs/_img/korice/6692/leptirica_marni_i_misterija_meseca_s.png
Veštice na putu,Teri Pračet,Komična fantastika,https://laguna.rs/_img/korice/25/vestice_na_putu-teri_pracet_s.jpg
Serafina Krin i poslednji grifon,Aleksandra Filipović,Komična fantastika,https://laguna.rs/_img/korice/5980/serafina_krin_i_poslednji_grifon-aleksandra_filipovic_s.jpg
Svetlost čudesnog,Teri Pračet,Komična fantastika,https://laguna.rs/_img/korice/2/svetlost_cudesnog-teri_pracet_s.jpg
Duga Sivić: Oko oluje,Lora Elen Anderson,Komična fantastika,https://laguna.rs/_img/korice/5829/duga_sivic_oko_oluje-lora_elen_anderson_s.jpg
Duga Sivić,Lora Elen Anderson,Komična fantastika,https://laguna.rs/_img/korice/5828/duga_sivic-lora_elen_anderson_s.jpg
Pod punom parom,Teri Pračet,Komična fantastika,https://laguna.rs/_img/korice/5675/pod_punom_parom-teri_pracet_s.jpg
Pokretne slike,Teri Pračet,Komična fantastika,https://laguna.rs/_img/korice/9/pokretne_slike-teri_pracet_s.jpg
Komplet – Okean od papira,Zoran Penevski,Komična fantastika,https://laguna.rs/_img/korice/5538/komplet_okean_od_papira-zoran_penevski_s.jpg
Piramide,Teri Pračet,Komična fantastika,https://laguna.rs/_img/korice/7/piramide-teri_pracet_s.jpg
Knjižara zabranjenih knjiga,Mark Levi,Komedija,https://laguna.rs/_img/korice/6881/knjizara_zabranjenih_knjiga-mark_levi_s.png
Slika s morem,Fredrik Bakman,Komedija,https://laguna.rs/_img/korice/6864/slika_s_morem_s.png
Zimovnik,Teri Pračet,Komedija,https://laguna.rs/_img/korice/6825/zimovnik_s.jpg
Majčinstvo,Šila Heti,Komedija,https://laguna.rs/_img/korice/6722/majcinstvo-sila_heti_s.jpg
Beogradski gubitnik,Branislav Bjelica,Komedija,https://laguna.rs/_img/korice/6757/beogradski_gubitnik-branislav_bjelica_s.png
Dani umiruće svetlosti,Ojgen Ruge,Komedija,https://laguna.rs/_img/korice/6758/dani_umiruce_svetlosti-ojgen_ruge_s.png
Nepodnošljiva lakoća postojanja,Milan Kundera,Komedija,https://laguna.rs/_img/korice/6686/nepodnosljiva_lakoca_postojanja_s.png
Povrede na radu - Potpisan primerak,Marko Vidojković,Komedija,https://laguna.rs/_img/korice/6679/povrede_na_radu_-_potpisan_primerak-marko_vidojkovic_s.png
Povrede na radu,Marko Vidojković,Komedija,https://laguna.rs/_img/korice/6620/povrede_na_radu_s.png
Otkačena škola 8,Branko Vuković,Komedija,https://laguna.rs/_img/korice/6520/otkacena_skola_8-branko_vukovic_s.png
Prisutnost,Ježi Kosinjski,Komedija,https://laguna.rs/_img/korice/6487/prisutnost-jezi_kosinjski_s.png
Novi jadi mladoga V.,Ulrih Plencdorf,Komedija,https://laguna.rs/_img/korice/6422/novi_jadi_mladoga_v-ulrih_plencdorf_s.png
Ljubav mog večnog života,Kersti Grinvud,Komedija,https://laguna.rs/_img/korice/6371/ljubav_mog_vecnog_zivota-kersti_grinvud_s.png
Zločinački manifest,Kolson Vajthed,Komedija,https://laguna.rs/_img/korice/6373/zlocinacki_manifest-kolson_vajthed_s.png
Narator je konačno progovorio,Srđan Valjarević,Komedija,https://laguna.rs/_img/korice/6407/narator_je_konacno_progovorio-srdjan_valjarevic_s.png
Muškarac u izvesnim godinama - novo dopunjeno izdanje,Vanja Bulić,Komedija,https://laguna.rs/_img/korice/6401/muskarac_u_izvesnim_godinama_-_novo_dopunjeno_izdanje-vanja_bulic_s.png
Obična glupava ljubavna priča,Kejtlin Dojl,Komedija,https://laguna.rs/_img/korice/6303/obicna_glupava_ljubavna_prica_s.jpg
Zenova savest,Italo Zvevo,Komedija,https://laguna.rs/_img/korice/6307/zenova_savest-italo_zvevo_s.png
Nada,Ante Tomić,Komedija,https://laguna.rs/_img/korice/6308/nada-ante_tomic_s.jpg
Smešne ljubavi,Milan Kundera,Komedija,https://laguna.rs/_img/korice/6162/smesne_ljubavi_s.jpg
Kuća mišića: Pozorište,Karina Šapman,Knjige za decu,https://laguna.rs/_img/korice/6985/kuca_misica_pozoriste_s.jpg
Kuća mišića: Sem i Julija,Karina Šapman,Knjige za decu,https://laguna.rs/_img/korice/6984/kuca_misica_sem_i_julija-karina_sapman_s.jpg
Kuća mišića: Luna-park,Karina Šapman,Knjige za decu,https://laguna.rs/_img/korice/6986/kuca_misica_luna-park_s.jpg
Mina Namćorić – Morske čarolije,Amelija Vileta,Knjige za decu,https://laguna.rs/_img/korice/6952/mina_namcoric_morske_carolije-amelija_vileta_s.png
Mina Namćorić – Šta ću biti kad porastem,Amelija Vileta,Knjige za decu,https://laguna.rs/_img/korice/6953/mina_namcoric_sta_cu_biti_kad_porastem-amelija_vileta_s.png
Slikovnica – Škola radosti gospođice Mile,Grupa autora,Knjige za decu,https://laguna.rs/_img/korice/6774/slikovnica_skola_radosti_gospodjice_mile-grupa_autora_s.png
Moša pismonoša,Kler Pauel,Knjige za decu,https://laguna.rs/_img/korice/6945/mosa_pismonosa-kler_pauel_s.jpg
Škola magičnih životinja 2: Sve rupa do rupe!,Margit Auer,Knjige za decu,https://laguna.rs/_img/korice/6934/skola_magicnih_zivotinja_2_sve_rupa_do_rupe_s.jpg
Slikovnica – E baš mogu!,Grupa autora,Knjige za decu,https://laguna.rs/_img/korice/6772/slikovnica_e_bas_mogu-grupa_autora_s.jpg
Zaista kratko putovanje kroz telo,Bil Brajson,Knjige za decu,https://laguna.rs/_img/korice/6935/zaista_kratko_putovanje_kroz_telo_s.jpg
Miš zvani Dobrilo,Džo Tod-Stenton,Knjige za decu,https://laguna.rs/_img/korice/6804/mis_zvani_dobrilo-dzo_tod-stenton_s.jpg
Slikovnica – Nikuda,Kris Sonders,Knjige za decu,https://laguna.rs/_img/korice/6788/slikovnica_nikuda_s.png
Slikovnica – Veruj,Kris Sonders,Knjige za decu,https://laguna.rs/_img/korice/6789/slikovnica_veruj-kris_sonders_s.png
Fairy tales: The Fourth Seven,Uroš Petrović,Knjige za decu,https://laguna.rs/_img/korice/6841/fairytales_the_fourth_seven-uros_petrovic_s.png
Zov divljine,Džek London,Knjige za decu,https://laguna.rs/_img/korice/6879/zov_divljine-dzek_london_s.jpg
Slikovnica – Vitez Sovuljak i Ptica Ranoranilica,Kristofer Denis,Knjige za decu,https://laguna.rs/_img/korice/6893/slikovnica_vitez_sovuljak_i_ptica_ranoranilica-kristofer_denis_s.png
"Tom Gejts – Moj školski projekat: Porodica, prijatelji i pravi dlakavci",Liz Pišon,Knjige za decu,https://laguna.rs/_img/korice/6865/tom_gejts_moj_skolski_projekat_porodica_prijatelji_i_pravi_dlakavci-liz_pison_s.png
Bajke: Četvrtih sedam – latinica,Uroš Petrović,Knjige za decu,https://laguna.rs/_img/korice/6839/bajke_cetvrtih_sedam_latinica-uros_petrovic_s.png
Disney: Diznilend avantura - knjiga aktivnosti sa nalepnicama,Grupa autora,Knjige za decu,https://laguna.rs/_img/korice/6652/diznilend_avantura_knjiga_aktivnosti_sa_nalepnicama_s.png
Disney: Moja prva knjiga sa prozorčićima,Grupa autora,Knjige za decu,https://laguna.rs/_img/korice/6651/disney_moja_prva_knjiga_sa_prozorcicima-grupa_autora_s.png
Zov divljine,Džek London,Klasici,https://laguna.rs/_img/korice/6879/zov_divljine-dzek_london_s.jpg
Drame,Borisav Stanković,Klasici,https://laguna.rs/_img/korice/6815/drame_s.jpg
Dodsvort,Sinkler Luis,Klasici,https://laguna.rs/_img/korice/6714/dodsvort-sinkler_luis_s.jpg
Zapisi iz mrtvog doma,Fjodor Mihailovič Dostojevski,Klasici,https://laguna.rs/_img/korice/6750/zapisi_iz_mrtvog_doma-fjodor_mihailovic_dostojevski_s.jpg
Bele noći / Jadni ljudi,Fjodor Mihailovič Dostojevski,Klasici,https://laguna.rs/_img/korice/6713/bele_noci_jadni_ljudi-fjodor_mihailovic_dostojevski_s.jpg
Dnevnik jedne sobarice,Oktav Mirbo,Klasici,https://laguna.rs/_img/korice/6742/dnevnik_jedne_sobarice-oktav_mirbo_s.png
Crveno i crno,Stendal,Klasici,https://laguna.rs/_img/korice/6699/crveno_i_crno_s.png
Dejvid Koperfild,Čarls Dikens,Klasici,https://laguna.rs/_img/korice/6524/dejvid_koperfild-carls_dikens_s.png
Nepodnošljiva lakoća postojanja,Milan Kundera,Klasici,https://laguna.rs/_img/korice/6686/nepodnosljiva_lakoca_postojanja_s.png
Knjiga o džungli,Radjard Kipling,Klasici,https://laguna.rs/_img/korice/6660/knjiga_o_dzungli_s.png
Dostojevski - Komplet od 12 knjiga (tvrdi povez),Fjodor Mihailovič Dostojevski,Klasici,https://laguna.rs/_img/korice/6708/dostojevski_-_komplet_od_12_knjiga_tvrdi_povez-fjodor_mihailovic_dostojevski_s.jpg
Američka tragedija,Teodor Drajzer,Klasici,https://laguna.rs/_img/korice/6523/americka_tragedija-teodor_drajzer_s.jpg
Pod srpom i čekićem i druge priče,Ivan Aleksejevič Bunjin,Klasici,https://laguna.rs/_img/korice/6466/pod_srpom_i_cekicem_i_druge_price-ivan_aleksejevic_bunjin_s.png
Jadnici - II tom,Viktor Igo,Klasici,https://laguna.rs/_img/korice/6564/jadnici_-_ii_tom-viktor_igo_s.png
Jadnici - I tom,Viktor Igo,Klasici,https://laguna.rs/_img/korice/6563/jadnici_-_i_tom-viktor_igo_s.png
Pisma Mileni,Franc Kafka,Klasici,https://laguna.rs/_img/korice/6415/pisma_mileni-franc_kafka_s.png
Izgubljene iluzije,Onore de Balzak,Klasici,https://laguna.rs/_img/korice/6386/izgubljene_iluzije-onore_de_balzak_s.png
Vetar u vrbaku,Kenet Grejam,Klasici,https://laguna.rs/_img/korice/6479/vetar_u_vrbaku-kenet_grejam_s.png
Alisa u Zemlji čuda,Luis Kerol,Klasici,https://laguna.rs/_img/korice/6493/alisa_u_zemlji_cuda-luis_kerol_s.png
Dečaci Pavlove ulice,Ferenc Molnar,Klasici,https://laguna.rs/_img/korice/6387/decaci_pavlove_ulice-ferenc_molnar_s.png
Tko je taj čovjek?: Izvještaj o jednoj mogućnosti,Boris Dežulović,Istorijski triler,https://laguna.rs/_img/korice/6933/tko_je_taj_covjek_s.jpg
Na rubu ponora,Robert Heris,Istorijski triler,https://laguna.rs/_img/korice/6852/na_rubu_ponora-robert_heris_s.jpg
Dorćolski rekvijem,Dejan Stojiljković,Istorijski triler,https://laguna.rs/_img/korice/6824/dorcolski_rekvijem_s.png
Rizničar tajni,Zoran Petrović,Istorijski triler,https://laguna.rs/_img/korice/6608/riznicar_tajni-zoran_petrovic_s.png
Konstantinovo raskršće – strip,"Dejan Stojiljković,Dragan Paunović",Istorijski triler,https://laguna.rs/_img/korice/6488/konstantinovo_raskrsce-dejan_stojiljkovic-_dragan_paunovic_s.png
Serafim,Dejan Stojiljković,Istorijski triler,https://laguna.rs/_img/korice/6322/serafim-dejan_stojiljkovic_s.png
Utvare,Branislav Janković,Istorijski triler,https://laguna.rs/_img/korice/6316/utvare-branislav_jankovic_s.png
Konstantinovo raskršće – integralna verzija,Dejan Stojiljković,Istorijski triler,https://laguna.rs/_img/korice/6279/konstantinovo_raskrsce_integralna_verzija-dejan_stojiljkovic_s.png
Poslednja Danteova tajna,Đulio Leoni,Istorijski triler,https://laguna.rs/_img/korice/6209/poslednja_danteova_tajna-djulio_leoni_s.jpg
Anđeo tame,Kejleb Kar,Istorijski triler,https://laguna.rs/_img/korice/6061/andjeo_tame-kejleb_kar_s.png
Zvezda nad prazninom,Dejan Stojiljković,Istorijski triler,https://laguna.rs/_img/korice/5810/zvezda_nad_prazninom-dejan_stojiljkovic_s.jpg
Vizantijski sultan,Seldžuk Altun,Istorijski triler,https://laguna.rs/_img/korice/5774/vizantijski_sultan-seldzuk_altun_s.jpg
Rusalkin poljubac,Kejt Kvin,Istorijski triler,https://laguna.rs/_img/korice/5332/rusalkin_poljubac-kejt_kvin_s.jpg
Komplet - Romani godine,"Nejtan Hil,Elizabet Maknil,Tafi Brodeser-Akner",Istorijski triler,https://laguna.rs/_img/korice/5356/komplet_-_romani_godine-nejtan_hil-_elizabet_maknil-_tafi_brodeser-akner_s.jpg
Komplet - Pogled u prošlost,"Filip Ker,Luk Mekolin,Benjamin Monferat,Džesika Šatuk,Ralf Rotman,Mari Benedikt",Istorijski triler,https://laguna.rs/_img/korice/5345/komplet_-_pogled_u_proslost-filip_ker-_luk_mekolin-_benjamin_monferat-_dzesika_satuk-_ralf_rotman-_mari_benedikt_s.jpg
Omama,Slobodan Vladušić,Istorijski triler,https://laguna.rs/_img/korice/5129/omama-slobodan_vladusic_s.jpg
Vrt zagonetki,Antonio Garido,Istorijski triler,https://laguna.rs/_img/korice/5068/vrt_zagonetki-antonio_garido_s.jpg
Zidanje ambisa,Branislav Janković,Istorijski triler,https://laguna.rs/_img/korice/5058/zidanje_ambisa-branislav_jankovic_s.jpg
Kainov ožiljak – posebno izdanje sa dodatkom,"Dejan Stojiljković,Vladimir Kecmanović",Istorijski triler,https://laguna.rs/_img/korice/4547/kainov_oziljak_posebno_izdanje_sa_dodatkom-dejan_stojiljkovic-_vladimir_kecmanovic_s.jpg
Simfonija vremena,Alvaro Arbina,Istorijski triler,https://laguna.rs/_img/korice/4468/simfonija_vremena-alvaro_arbina_s.jpg
Kao biser u okeanu,Sara Lark,Istorijski,https://laguna.rs/_img/korice/6961/kao_biser_u_okeanu-sara_lark_s.png
Tko je taj čovjek?: Izvještaj o jednoj mogućnosti,Boris Dežulović,Istorijski,https://laguna.rs/_img/korice/6933/tko_je_taj_covjek_s.jpg
Noćni čuvar,Džejn En Filips,Istorijski,https://laguna.rs/_img/korice/6871/nocni_cuvar-dzejn_en_filips_s.jpg
Poštarka,Frančeska Đanone,Istorijski,https://laguna.rs/_img/korice/6845/postarka-franceska_djanone_s.jpg
Barmen iz „Rica“,Filip Kolen,Istorijski,https://laguna.rs/_img/korice/6780/barmen_iz_rica-filip_kolen_s.png
Večni cvet,Lejla Ibrahim,Istorijski,https://laguna.rs/_img/korice/6857/vecni_cvet-lejla_ibrahim_s.png
Tajna začina,Renita D’Silva,Istorijski,https://laguna.rs/_img/korice/6858/tajna_zacina-renita_dsilva_s.png
Pamtim sve,Milena Sekulić Odalović,Istorijski,https://laguna.rs/_img/korice/6848/pamtim_sve_s.jpg
Teheranske lavice,Mardžan Kamali,Istorijski,https://laguna.rs/_img/korice/6759/teheranske_lavice-mardzan_kamali_s.jpg
Kad zvona zaneme,Vlada Arsić,Istorijski,https://laguna.rs/_img/korice/6844/kad_zvona_zaneme-vlada_arsic_s.jpg
Dorćolski rekvijem,Dejan Stojiljković,Istorijski,https://laguna.rs/_img/korice/6824/dorcolski_rekvijem_s.png
Gorolom,Aleksandar Tešić,Istorijski,https://laguna.rs/_img/korice/6820/gorolom_s.jpg
Krojač,Jelena Bačić Alimpić,Istorijski,https://laguna.rs/_img/korice/6794/krojac-jelena_bacic_alimpic_s.jpg
"Nekada davno, kraj velike šume",Leo Vardijašvili,Istorijski,https://laguna.rs/_img/korice/6779/nekada_davno_kraj_velike_sume-leo_vardijasvili_s.jpg
Lotosove cipele,Džejn Jang,Istorijski,https://laguna.rs/_img/korice/6607/lotosove_cipele-dzejn_jang_s.png
Kuća na Rivijeri,Nataša Lester,Istorijski,https://laguna.rs/_img/korice/6716/kuca_na_rivijeri-natasa_lester_s.png
Nedovršena prošlost,Džulijan Felouz,Istorijski,https://laguna.rs/_img/korice/6683/nedovrsena_proslost-dzulijan_felouz_s.png
Zaboravljena legija,Ben Kejn,Istorijski,https://laguna.rs/_img/korice/6668/zaboravljena_legija-ben_kejn_s.png
Izabrana dela Dobrice Ćosića,Dobrica Ćosić,Istorijski,https://laguna.rs/_img/korice/6726/izabrana_dela_dobrice_cosica-dobrica_cosic_s.png
Paviljon ptica,Klelija Renuči,Istorijski,https://laguna.rs/_img/korice/6588/paviljon_ptica-klelija_renuci_s.png
Najkraća istorija Kine,Linda Džejvin,Istorija,https://laguna.rs/_img/korice/6976/najkraca_istorija_kine-linda_dzejvin_s.jpg
Lavirint zalutalih: Zapad i njegovi protivnici,Amin Maluf,Istorija,https://laguna.rs/_img/korice/6859/lavirint_zalutalih_zapad_i_njegovi_protivnici-amin_maluf_s.jpg
Najkraća istorija sveta,Dejvid Bejker,Istorija,https://laguna.rs/_img/korice/6883/najkraca_istorija_sveta_s.jpg
Kako je svet stvorio Zapad,Džozefina Kvin,Istorija,https://laguna.rs/_img/korice/6895/kako_je_svet_stvorio_zapad-dzozefina_kvin_s.png
Klasični svet u malim zalogajima,Mark Danijels,Istorija,https://laguna.rs/_img/korice/6882/klasicni_svet_u_malim_zalogajima_s.jpg
24 sata u svetu vikinga,Kirsten Volf,Istorija,https://laguna.rs/_img/korice/6867/24_sata_u_vikinskom_svetu-kirsten_volf_s.jpg
Tajna Novog Beograda – dopunjeno izdanje,"Zoran Lj. Nikolić,Mirko Radonjić",Istorija,https://laguna.rs/_img/korice/6837/tajna_novog_beograda_dopunjeno_izdanje-zoran_lj_nikolic-_mirko_radonjic_s.png
Dvor kneza Mihaila Obrenovića 1860–1868.,Nebojša Jovanović,Istorija,https://laguna.rs/_img/korice/6819/dvor_kneza_mihaila_obrenovica_18601868-nebojsa_jovanovic_s.jpg
Borgata,Luis Ferante,Istorija,https://laguna.rs/_img/korice/6765/borgata-luis_ferante_s.jpg
Najkraća istorija Indije,Džon Zubržicki,Istorija,https://laguna.rs/_img/korice/6803/najkraca_istorija_indije_s.jpg
Završnica 1944: Kako je Staljin dobio rat,Džonatan Dimblbi,Istorija,https://laguna.rs/_img/korice/6751/zavrsnica_1944_kako_je_staljin_dobio_rat-dzonatan_dimblbi_s.jpg
Stepska carstva,Kenet V. Harl,Istorija,https://laguna.rs/_img/korice/6743/stepska_carstva-kenet_v_harl_s.png
Alija: ulema ili balija?,"Darko Tanasković,Nenad Kecmanović",Istorija,https://laguna.rs/_img/korice/6637/alijaulema_ili_balija-darko_tanaskovic-_nenad_kecmanovic_s.png
Neksus,Juval Noa Harari,Istorija,https://laguna.rs/_img/korice/6596/neksus-juval_noa_harari_s.png
Vodič kroz ljubavnu istoriju Beograda – knjiga druga,Nenad Novak Stefanović,Istorija,https://laguna.rs/_img/korice/6629/vodic_kroz_ljubavnu_istoriju_beograda-nenad_novak_stefanovic_s.png
Bivši ljudi,Daglas Smit,Istorija,https://laguna.rs/_img/korice/6631/bivsi_ljudi-daglas_smit_s.png
Promenjena Zemlja,Piter Frankopan,Istorija,https://laguna.rs/_img/korice/6573/promenjena_zemlja-piter_frankopan_s.jpg
Vizantijski svet,Radivoj Radić,Istorija,https://laguna.rs/_img/korice/6567/vizantijski_svet_s.png
Harizma cara Dušana - istorija i pamćenje,Kosta Nikolić,Istorija,https://laguna.rs/_img/korice/6566/harizma_cara_dusana_-_istorija_i_pamcenje-kosta_nikolic_s.png
Upravljanje Kinom I - mek povez,Si Đinping,Istorija,https://laguna.rs/_img/korice/6589/upravljanje_kinom_i_-_mek_povez-si_djinping_s.jpg
Život 3.0,Maks Tegmark,Internet i računari,https://laguna.rs/_img/korice/4590/zivot_30-maks_tegmark_s.jpg
"Zdravo, svete",Hana Fraj,Internet i računari,https://laguna.rs/_img/korice/4402/zdravo_svete-hana_fraj_s.jpg
Sajberpsihologija,Katarina Kacer,Internet i računari,https://laguna.rs/_img/korice/4191/sajberpsihologija-katarina_kacer_s.jpg
20 igrica koje možeš da napraviš u skraču,Maks Vejnrajt,Internet i računari,https://laguna.rs/_img/korice/3713/20_igrica_koje_mozes_da_napravis_u_skracu-maks_vejnrajt_s.jpg
Digitalno zlato,Natanijel Poper,Internet i računari,https://laguna.rs/_img/korice/3666/digitalno_zlato-natanijel_poper_s.jpg
"Ilon Mask: Tesla, SpaceX i potraga za fantastičnom budućnošću",Ešli Vens,Internet i računari,https://laguna.rs/_img/korice/3639/ilon_mask_tesla_spacex_i_potraga_za_fantasticnom_buducnoscu-esli_vens_s.jpg
Zločini budućnosti,Mark Gudmen,Internet i računari,https://laguna.rs/_img/korice/3531/zlocini_buducnosti-mark_gudmen_s.jpg
"Haker, trol, uzbunjivač, špijun: mnoga lica Anonimusa",Gabrijela Kolman,Internet i računari,https://laguna.rs/_img/korice/3422/haker_trol_uzbunjivac_spijun_mnoga_lica_anonimusa-gabrijela_kolman_s.jpg
Nauči da programiraš,Maks Vejnrajt,Internet i računari,https://laguna.rs/_img/korice/3231/nauci_da_programiras-maks_vejnrajt_s.jpg
Silicijumska dolina – Digitalna revolucija iz prve ruke,Kristof Keze,Internet i računari,https://laguna.rs/_img/korice/2987/silicijumska_dolina-kristof_keze_s.jpg
Darknet – U digitalnom podzemlju,Džejmi Bartlet,Internet i računari,https://laguna.rs/_img/korice/3176/darknet_u_digitalnom_podzemlju-dzejmi_bartlet_s.jpg
Deep Web - Mračna strana interneta,Anonimus,Internet i računari,https://laguna.rs/_img/korice/2952/deep_web_-_mracna_strana_interneta-anonimus_s.jpg
PR [ljubavni roman],Aleksandar Ilić,Internet i računari,https://laguna.rs/_img/korice/2522/pr-aleksandar_ilic_s.jpg
"Bez skrovišta - Edvard Snouden, NSA i američka država nadzora",Glen Grinvald,Internet i računari,https://laguna.rs/_img/korice/2459/bez_skrovista-glen_grinvald_s.jpg
Stiv Džobs,Volter Ajzakson,Internet i računari,https://laguna.rs/_img/korice/1883/stiv_dzobs-volter_ajzakson_s.jpg
Komplet - Za neustrašive devojčice,"Grupa autora,Emili Hokins,Tom Adams,Suzi Lin,Ben Habard",Interaktivna knjiga,https://laguna.rs/_img/korice/5879/komplet_-_za_neustrasive_devojcice-grupa_autora-_emili_hokins-_tom_adams-_suzi_lin-_ben_habard_s.jpg
Slikovnica – Komplet - Moj mali svet,"Grupa autora,Olga Utkina,Hulijana Perdomo",Interaktivna knjiga,https://laguna.rs/_img/korice/5877/komplet_-_moj_mali_svet_s.jpg
Moje omiljene životinje – učimo reči,Olga Utkina,Interaktivna knjiga,https://laguna.rs/_img/korice/4266/moje_omiljene_zivotinje_ucimo_reci-olga_utkina_s.jpg
Komplet - Redovi koji iznenađuju,"Joakim Sander,Tomas Pinčon,Mark Gudmen,Jurij Gagarin",Interaktivna knjiga,https://laguna.rs/_img/korice/5335/komplet_-_redovi_koji_iznenadjuju-joakim_sander-_tomas_pincon-_mark_gudmen-_jurij_gagarin_s.jpg
Za pametnu bebu – učimo reči,Olga Utkina,Interaktivna knjiga,https://laguna.rs/_img/korice/4692/za_pametnu_bebu_ucimo_reci-olga_utkina_s.jpg
Svet životinja – učimo reči,Olga Utkina,Interaktivna knjiga,https://laguna.rs/_img/korice/4693/svet_zivotinja_ucimo_reci-olga_utkina_s.jpg
Moji prvi brojevi – učimo reči,Olga Utkina,Interaktivna knjiga,https://laguna.rs/_img/korice/4528/moji_prvi_brojevi_ucimo_reci-olga_utkina_s.jpg
Jednorozi – Interaktivna avantura,Grupa autora,Interaktivna knjiga,https://laguna.rs/_img/korice/4531/interaktivna_avantura_jednorozi-grupa_autora_s.jpg
Dinosaurusi – Interaktivna avantura,Grupa autora,Interaktivna knjiga,https://laguna.rs/_img/korice/4530/interaktivna_avantura_dinosaurusi-grupa_autora_s.jpg
Saznaj više - Ljudsko telo,Ana Klejborn,Interaktivna knjiga,https://laguna.rs/_img/korice/4085/saznaj_vise_-_ljudsko_telo-ana_klejborn_s.jpg
Ukrcajte se u Eureka ekspres,"Emili Hokins,Tom Adams",Interaktivna knjiga,https://laguna.rs/_img/korice/4049/ukrcajte_se_u_eureka_ekspre-emili_hokins-_tom_adams_s.jpg
Larousse – Kviz: Da li znaš?,Grupa autora,Interaktivna knjiga,https://laguna.rs/_img/korice/3786/larousse_kviz_da_li_znas-grupa_autora_s.jpg
Brzi vozovi,Lorela Flamini,Interaktivna knjiga,https://laguna.rs/_img/korice/2627/brzi_vozovi-lorela_flamini_s.jpg
Veseli kamioni,Lorela Flamini,Interaktivna knjiga,https://laguna.rs/_img/korice/2626/veseli_kamioni-lorela_flamini_s.jpg
Veliki buldožeri,Lorela Flamini,Interaktivna knjiga,https://laguna.rs/_img/korice/2625/veliki_buldozeri-lorela_flamini_s.jpg
Hrabri spasioci,Lorela Flamini,Interaktivna knjiga,https://laguna.rs/_img/korice/2624/hrabri_spasioci-lorela_flamini_s.jpg
Životinje - Enciklopedija s nalepnicama,Grupa autora,Interaktivna knjiga,https://laguna.rs/_img/korice/1970/zivotinje_-_enciklopedija_s_nalepnicama-grupa_autora_s.jpg
Dinosaurusi - Enciklopedija s nalepnicama,Grupa autora,Interaktivna knjiga,https://laguna.rs/_img/korice/1945/dinosaurusi_-_enciklopedija_s_nalepnicama-grupa_autora_s.jpg
Svemir - Enciklopedija s nalepnicama,Grupa autora,Interaktivna knjiga,https://laguna.rs/_img/korice/1944/svemir_-_enciklopedija_s_nalepnicama-grupa_autora_s.jpg
Okean - Enciklopedija s nalepnicama,Grupa autora,Interaktivna knjiga,https://laguna.rs/_img/korice/1943/okean_-_enciklopedija_s_nalepnicama-grupa_autora_s.jpg
Povrede na radu - Potpisan primerak,Marko Vidojković,Horor,https://laguna.rs/_img/korice/6679/povrede_na_radu_-_potpisan_primerak-marko_vidojkovic_s.png
Povrede na radu,Marko Vidojković,Horor,https://laguna.rs/_img/korice/6620/povrede_na_radu_s.png
Sama u noći,Trejsi Sijera,Horor,https://laguna.rs/_img/korice/6416/sama_u_noci-trejsi_sijera_s.png
Od šapata do vriska: Priče strave i fantastike,Goran Skrobonja,Horor,https://laguna.rs/_img/korice/6245/od_sapata_do_vriska-goran_skrobonja_s.jpg
Priznanja,Kanae Minato,Horor,https://laguna.rs/_img/korice/5999/priznanja-kanae_minato_s.jpg
Kuća noći,Ju Nesbe,Horor,https://laguna.rs/_img/korice/6212/kuca_noci-ju_nesbe_s.jpg
Poslednja kuća u ulici,Katriona Vord,Horor,https://laguna.rs/_img/korice/5842/poslednja_kuca_u_nepotrebnoj_ulici-katriona_vord_s.png
Đavolski dobar bluz,Ivan Nešić,Horor,https://laguna.rs/_img/korice/5648/djavolski_dobar_bluz-ivan_nesic_s.jpg
Christkind,Boris Dežulović,Horor,https://laguna.rs/_img/korice/5655/christkind-boris_dezulovic_s.jpg
Komplet - Fantastika,"Džordž R. R. Martin,Stiven Erikson,Džo Aberkrombi,Marlon Džejms",Horor,https://laguna.rs/_img/korice/5353/komplet_-_fantastika-dzordz_r_r_martin-_stiven_erikson-_dzo_aberkrombi-_marlon_dzejms_s.jpg
Sluz i žuč,Nenad Racković,Horor,https://laguna.rs/_img/korice/5268/sluz_i_zuc-nenad_rackovic_s.jpg
Kovid 19+,Marko Vidojković,Horor,https://laguna.rs/_img/korice/5185/kovid_19-marko_vidojkovic_s.jpg
Gavran i najbolje priče,Edgar Alan Po,Horor,https://laguna.rs/_img/korice/5086/gavran_i_najbolje_price-edgar_alan_po_s.jpg
Strah i njegov sluga,Mirjana Novaković,Horor,https://laguna.rs/_img/korice/1940/strah_i_njegov_sluga-mirjana_novakovic_s.jpg
Poslednja seansa,Agata Kristi,Horor,https://laguna.rs/_img/korice/4965/poslednja_seansa-agata_kristi_s.jpg
Grozničavi san,Džordž R. R. Martin,Horor,https://laguna.rs/_img/korice/4882/groznicavi_san-dzordz_r_r_martin_s.jpg
Đubre,Marko Vidojković,Horor,https://laguna.rs/_img/korice/4862/djubre-marko_vidojkovic_s.jpg
Bljuzga u podne,Predrag Ličina,Horor,https://laguna.rs/_img/korice/4836/bljuzga_u_podne-predrag_licina_s.jpg
Frankenštajn ili Moderni Prometej,Meri Šeli,Horor,https://laguna.rs/_img/korice/4629/frankenstajn_ili_moderni_prometej-meri_seli_s.jpg
Alijenista,Kejleb Kar,Horor,https://laguna.rs/_img/korice/69/alijenista-kejleb_kar_s.jpg
Preživeti haos,Zorica Tomić,Filozofija,https://laguna.rs/_img/korice/6481/preziveti_haos_s.png
Oteti Zapad ili Tragedija Srednje Evrope,Milan Kundera,Filozofija,https://laguna.rs/_img/korice/6163/oteti_zapad_ili_tragedija_srednje_evrope-milan_kundera_s.jpg
Vladalac,Nikolo Makijaveli,Filozofija,https://laguna.rs/_img/korice/6193/vladalac-nikolo_makijaveli_s.png
Zarobljeni um,Česlav Miloš,Filozofija,https://laguna.rs/_img/korice/5998/zarobljeni_um-ceslav_milos_s.png
50 ideja koje bi stvarno trebalo da znate: Književnost,Džon Saderlend,Filozofija,https://laguna.rs/_img/korice/5218/50_ideja_koje_bi_stvarno_trebalo_da_znate_knjizevnost_s.jpg
Posle apokalipse,Srećko Horvat,Filozofija,https://laguna.rs/_img/korice/5237/posle_apokalipse-srecko_horvat_s.jpg
Pitajte filozofa,Ijan Olasov,Filozofija,https://laguna.rs/_img/korice/5188/pitajte_filozofa-ijan_olasov_s.jpg
50 velikih ideja koje bi stvarno trebalo da znate,Ben Dupre,Filozofija,https://laguna.rs/_img/korice/4971/50_velikih_ideja_koje_bi_stvarno_trebalo_da_znate-ben_dupre_s.jpg
Intelektualci,Pol Džonson,Filozofija,https://laguna.rs/_img/korice/4643/intelektualci-pol_dzonson_s.jpg
O ljubavi,Alen de Boton,Filozofija,https://laguna.rs/_img/korice/4624/o_ljubavi-alen_de_boton_s.jpg
Kao lopov usred bela dana,Slavoj Žižek,Filozofija,https://laguna.rs/_img/korice/4610/kao_lopov_usred_bela_dana-slavoj_zizek_s.jpg
Filozofija,Edvard Krejg,Filozofija,https://laguna.rs/_img/korice/4388/filozofija-edvard_krejg_s.jpg
Antička filozofija,Džulija Enas,Filozofija,https://laguna.rs/_img/korice/4214/anticka_filozofija-dzulija_enas_s.jpg
"Ko ti reče da si go, Adame?","Mihael Kelmajer,Konrad Paul Lisman",Filozofija,https://laguna.rs/_img/korice/4128/ko_ti_rece_da_si_go_adame-mihael_kelmajer-_konrad_paul_lisman_s.jpg
Đavo i njegovi anđeli,Kurt Flaš,Filozofija,https://laguna.rs/_img/korice/4135/djavo_i_njegovi_andjeli-kurt_flas_s.jpg
O sreći prijateljstva,Vilhelm Šmid,Filozofija,https://laguna.rs/_img/korice/3547/o_sreci_prijateljstva-vilhelm_smid_s.jpg
Sreća,Vilhelm Šmid,Filozofija,https://laguna.rs/_img/korice/3546/sreca-vilhelm_smid_s.jpg
Spokojstvo,Vilhelm Šmid,Filozofija,https://laguna.rs/_img/korice/3545/spokojstvo-vilhelm_smid_s.jpg
Promeni svet!,Žan Cigler,Filozofija,https://laguna.rs/_img/korice/3398/promeni_svet_s.jpg
Protiv dvostruke ucene,Slavoj Žižek,Filozofija,https://laguna.rs/_img/korice/3273/protiv_dvostruke_ucene-slavoj_zizek_s.jpg
Tigar i Vuk,Adrijan Čajkovski,Fantastika,https://laguna.rs/_img/korice/6928/tigar_i_vuk-adrijan_cajkovski_s.jpg
Skrivena kraljica,Piter V. Bret,Fantastika,https://laguna.rs/_img/korice/6939/skrivena_kraljica-piter_v_bret_s.jpg
Bojim se da ste zapatili zmajeve,Piter S. Bigl,Fantastika,https://laguna.rs/_img/korice/6957/bojim_se_da_ste_zapatili_zmajeve_s.jpg
Tko je taj čovjek?: Izvještaj o jednoj mogućnosti,Boris Dežulović,Fantastika,https://laguna.rs/_img/korice/6933/tko_je_taj_covjek_s.jpg
Raskršće sumraka,Robert Džordan,Fantastika,https://laguna.rs/_img/korice/6887/raskrsce_sumraka-robert_dzordan_s.png
Srce zime,Robert Džordan,Fantastika,https://laguna.rs/_img/korice/6886/srce_zime-robert_dzordan_s.png
Dorćolski rekvijem,Dejan Stojiljković,Fantastika,https://laguna.rs/_img/korice/6824/dorcolski_rekvijem_s.png
Zimovnik,Teri Pračet,Fantastika,https://laguna.rs/_img/korice/6825/zimovnik_s.jpg
Iskupljenje vremena,Baošu,Fantastika,https://laguna.rs/_img/korice/6798/iskupljenje_vremena-baosu_s.jpg
Mačak koji je spasao biblioteku,Sosuke Nacukava,Fantastika,https://laguna.rs/_img/korice/6727/macak_koji_je_spasao_biblioteku-sosuke_nacukava_s.png
Biblioteka snova Animant Kramb,Lin Rina,Fantastika,https://laguna.rs/_img/korice/6658/biblioteka_snova_animant_kramb_s.png
Nordijska mitologija – ilustrovano izdanje,"Nil Gejmen,Livaj Pinfold",Fantastika,https://laguna.rs/_img/korice/6621/nordijska_mitologija-nil_gejmen_s.png
Buba,Gradimir Stojković,Fantastika,https://laguna.rs/_img/korice/6587/buba-gradimir_stojkovic_s.png
Konstantinovo raskršće – strip,"Dejan Stojiljković,Dragan Paunović",Fantastika,https://laguna.rs/_img/korice/6488/konstantinovo_raskrsce-dejan_stojiljkovic-_dragan_paunovic_s.png
Ona koja je postala Sunce,Šeli Parker-Čan,Fantastika,https://laguna.rs/_img/korice/6403/ona_koja_je_postala_sunce-seli_parker-can_s.png
Onaj koji je udavio svet,Šeli Parker-Čan,Fantastika,https://laguna.rs/_img/korice/6402/onaj_koji_je_udavio_svet-seli_parker-can_s.png
Priče o stvarnom i nestvarnom,Filip David,Fantastika,https://laguna.rs/_img/korice/6383/price_o_stvarnom_i_nestvarnom-filip_david_s.png
Serafim,Dejan Stojiljković,Fantastika,https://laguna.rs/_img/korice/6322/serafim-dejan_stojiljkovic_s.png
Deca sećanja,Adrijan Čajkovski,Fantastika,https://laguna.rs/_img/korice/6304/deca_secanja-adrijan_cajkovski_s.jpg
Potez perom,Teri Pračet,Fantastika,https://laguna.rs/_img/korice/6285/potez_perom-teri_pracet_s.jpg
Ugasi svetlo,Navesa Alen,Erotski,https://laguna.rs/_img/korice/6900/ugasi_svetlo-navesa_alen_s.png
Završnica,Kejt Stjuart,Erotski,https://laguna.rs/_img/korice/6769/zavrsnica-kejt_stjuart_s.jpg
Opsesija,Vaj Kiland,Erotski,https://laguna.rs/_img/korice/6766/opsesija-vaj_kiland_s.jpg
Imperija greha,Rina Kent,Erotski,https://laguna.rs/_img/korice/6704/imperija_greha_s.png
Moć žene,Nataša Turkalj,Erotski,https://laguna.rs/_img/korice/6663/moc_zene_s.jpg
Pali ljubavnici,L. Dž. Šen,Erotski,https://laguna.rs/_img/korice/6574/pali_ljubavnici-l_dz_sen_s.png
Neočekivana - Potpisan primerak,Keri Čin,Erotski,https://laguna.rs/_img/korice/6575/neocekivana_-_potpisan_primerak-keri_cin_s.png
Džentlmen o tome ne priča,Džodi Elen Malpas,Erotski,https://laguna.rs/_img/korice/6533/dzentlmen_o_tome_ne_prica-dzodi_elen_malpas_s.png
Neočekivana,Keri Čin,Erotski,https://laguna.rs/_img/korice/6496/neocekivana_s.png
Svetlo trojstvo,Marijana Čanak,Erotski,https://laguna.rs/_img/korice/6454/svetlo_trojstvo-marijana_canak_s.png
Spasen,Ina Mur,Erotski,https://laguna.rs/_img/korice/6439/spasen-ina_mur_s.jpg
Tetovaža na srcu,"Penelopi Vord,Vaj Kiland",Erotski,https://laguna.rs/_img/korice/6341/tetovaza_na_srcu-penelopi_vord-_vaj_kiland_s.jpg
Preživeti smrt,Vesna Radusinović,Erotski,https://laguna.rs/_img/korice/6363/preziveti_smrt-vesna_radusinovic_s.png
Još 365 dana,Blanka Lipinska,Erotski,https://laguna.rs/_img/korice/6302/jos_365_dana-blanka_lipinska_s.png
Egzodus,Kejt Stjuart,Erotski,https://laguna.rs/_img/korice/6301/egzodus-kejt_stjuart_s.png
Zavođenje gorštakinje,Maja Benks,Erotski,https://laguna.rs/_img/korice/6262/zavodjenje_gorstakinje-maja_benks_s.jpg
Egomanijak,Vaj Kiland,Erotski,https://laguna.rs/_img/korice/6200/egomanijak_s.png
Bezobrazna pisma,"Penelopi Vord,Vaj Kiland",Erotski,https://laguna.rs/_img/korice/6143/bezobrazna_pisma_s.jpg
Okrutni protivnik,L. Dž. Šen,Erotski,https://laguna.rs/_img/korice/6166/okrutni_protivnik_s.jpg
Gospođa,E L Džejms,Erotski,https://laguna.rs/_img/korice/6086/gospodja-e_l_dzejms_s.png
Bes bogova,Džon Gvin,Epska fantastika,https://laguna.rs/_img/korice/6936/bes_bogova-dzon_gvin_s.jpg
Tigar i Vuk,Adrijan Čajkovski,Epska fantastika,https://laguna.rs/_img/korice/6928/tigar_i_vuk-adrijan_cajkovski_s.jpg
Skrivena kraljica,Piter V. Bret,Epska fantastika,https://laguna.rs/_img/korice/6939/skrivena_kraljica-piter_v_bret_s.jpg
Raskršće sumraka,Robert Džordan,Epska fantastika,https://laguna.rs/_img/korice/6887/raskrsce_sumraka-robert_dzordan_s.png
Srce zime,Robert Džordan,Epska fantastika,https://laguna.rs/_img/korice/6886/srce_zime-robert_dzordan_s.png
Prašina snova - deo prvi,Stiven Erikson,Epska fantastika,https://laguna.rs/_img/korice/6816/prasina_snova_-_deo_prvi-stiven_erikson_s.jpg
Prašina snova - deo drugi,Stiven Erikson,Epska fantastika,https://laguna.rs/_img/korice/6817/prasina_snova_-_deo_drugi-stiven_erikson_s.png
Glad bogova,Džon Gvin,Epska fantastika,https://laguna.rs/_img/korice/6796/glad_bogova-dzon_gvin_s.png
Dveri Kuće Mrtvih,Stiven Erikson,Epska fantastika,https://laguna.rs/_img/korice/1669/dveri_kuce_mrtvih-stiven_erikson_s.jpg
Artemis Faul,Oin Kolfer,Epska fantastika,https://laguna.rs/_img/korice/51/artemis_faul-oin_kolfer_s.png
Artemis Faul: Operacija Arktik,Oin Kolfer,Epska fantastika,https://laguna.rs/_img/korice/125/artemis_faul_operacija_arktik-oin_kolfer_s.png
Putanja bodeža,Robert Džordan,Epska fantastika,https://laguna.rs/_img/korice/6612/putanja_bodeza-robert_dzordan_s.png
Zvon pasa - deo drugi,Stiven Erikson,Epska fantastika,https://laguna.rs/_img/korice/6570/zvon_pasa_-_deo_drugi-stiven_erikson_s.png
Zmajev uzlet – prvi tom (ilustrovano izdanje),Džordž R. R. Martin,Epska fantastika,https://laguna.rs/_img/korice/6463/zmajev_uzlet_prvi_tom_s.png
Kruna mačeva,Robert Džordan,Epska fantastika,https://laguna.rs/_img/korice/6339/kruna_maceva-robert_dzordan_s.png
Zvon pasa - deo prvi,Stiven Erikson,Epska fantastika,https://laguna.rs/_img/korice/6320/zvon_pasa_-_deo_prvi-stiven_erikson_s.png
Gospodar haosa,Robert Džordan,Epska fantastika,https://laguna.rs/_img/korice/6284/gospodar_haosa-robert_dzordan_s.png
Senka bogova,Džon Gvin,Epska fantastika,https://laguna.rs/_img/korice/6161/senka_bogova-dzon_gvin_s.jpg
Noć demona - Potpisan primerak,Piter V. Bret,Epska fantastika,https://laguna.rs/_img/korice/5960/noc_demona_-_potpisan_primerak_s.jpg
Nebeski oganj,Robert Džordan,Epska fantastika,https://laguna.rs/_img/korice/5926/nebeski_oganj-robert_dzordan_s.png
Enciklopedija svakodnevnih stvari,Štepanka Sekaninova,Enciklopedija,https://laguna.rs/_img/korice/5793/enciklopedija_svakodnevnih_stvari-stepanka_sekaninova_s.jpg
Larousse enciklopedija za mališane – Prevozna sredstva,Grupa autora,Enciklopedija,https://laguna.rs/_img/korice/5754/larousse_enciklopedija_za_malisane_prevozna_sredstva_s.png
Larousse enciklopedija za mališane – More,Grupa autora,Enciklopedija,https://laguna.rs/_img/korice/5753/larousse_enciklopedija_za_malisane_more_s.png
Mitopedija,Good Wives and Warriors,Enciklopedija,https://laguna.rs/_img/korice/5371/mitopedija_s.jpg
Velika knjiga o roditeljstvu,"Sabina Andrezen,Miha Brumlik,Klaus Koh",Enciklopedija,https://laguna.rs/_img/korice/2165/velika_knjiga_o_roditeljstvu_s.jpg
Prevozna sredstva koja su promenila svet,Grupa autora,Enciklopedija,https://laguna.rs/_img/korice/5369/prevozna_sredstva_koja_su_promenila_svet_s.jpg
Larousse: Reci mi zašto?,Izabel Fužer,Enciklopedija,https://laguna.rs/_img/korice/2121/larousse_reci_mi_zasto-izabel_fuzer_s.jpg
Larousse: Reci mi kako?,Izabel Fužer,Enciklopedija,https://laguna.rs/_img/korice/2391/larousse_reci_mi_kako-izabel_fuzer_s.jpg
Larousse: Reci mi gde?,Elizabet Maru,Enciklopedija,https://laguna.rs/_img/korice/2935/larousse_reci_mi_gde-elizabet_maru_s.jpg
Moja prva enciklopedija u slikama Larousse,"Viržini Alađidi,Karolin Pelisje",Enciklopedija,https://laguna.rs/_img/korice/4509/moja_prva_enciklopedija_u_slikama_larousse-virzini_aladjidi-_karolin_pelisje_s.jpg
Hronologija umetnosti,Ijan Začek,Enciklopedija,https://laguna.rs/_img/korice/4186/hronologija_umetnosti-ijan_zacek_s.jpg
Larousse enciklopedija za mališane – Dinosaurusi,Grupa autora,Enciklopedija,https://laguna.rs/_img/korice/3923/larousse_enciklopedija_za_malisane_dinosaurusi-grupa_autora_s.jpg
"Istražujte, eksperimentišite, otkrivajte svet nauke",Ana Klejborn,Enciklopedija,https://laguna.rs/_img/korice/3719/istrazujte_eksperimentisite_otkrivajte_svet_nauke-ana_klejborn_s.jpg
Nauka – znanja neophodna radoznalima,Nurija Penalva,Enciklopedija,https://laguna.rs/_img/korice/3722/nauka_znanja_neophodna_radoznalima_s.jpg
Veličanstvena knjiga o praistorijskim zverima,"Tom Džekson,Val Valerčuk",Enciklopedija,https://laguna.rs/_img/korice/3699/velicanstvena_knjiga_o_praistorijskim_zivotinjama-tom_dzekson-_val_valercuk_s.jpg
Veličanstvena knjiga o stvorenjima iz mašte,"Tom Džekson,Val Valerčuk",Enciklopedija,https://laguna.rs/_img/korice/3700/velicanstvena_knjiga_o_stvorenjima_iz_maste-tom_dzekson-_val_valercuk_s.jpg
Slikovni rečnik životinja,Grupa autora,Enciklopedija,https://laguna.rs/_img/korice/3717/slikovni_recnik_zivotinja_s.jpg
Sve ptice Srbije / All the Birds of Serbia,Javor Rašajski,Enciklopedija,https://laguna.rs/_img/korice/3618/sve_ptice_srbije_all_the_birds_of_serbia-javor_rasajski_s.jpg
Larousse – Enciklopedija prirode,Grupa autora,Enciklopedija,https://laguna.rs/_img/korice/3560/larousse_enciklopedija_prirode-grupa_autora_s.jpg
Enciklopedija praistorijskih životinja,Dušan Krtolica,Enciklopedija,https://laguna.rs/_img/korice/3540/enciklopedija_praistorijskih_zivotinja-dusan_krtolica_s.jpg
Obećana Nedođija 10,"Kaju Širai,Posuka Demizu",Ekranizovane knjige,https://laguna.rs/_img/korice/6950/obecana_nedodjija_10_s.png
Komi ne ume da komunicira 30,Tomohito Oda,Ekranizovane knjige,https://laguna.rs/_img/korice/6988/komi_ne_ume_da_komunicira_30-tomohito_oda_s.png
Obećana Nedođija 9,"Kaju Širai,Posuka Demizu",Ekranizovane knjige,https://laguna.rs/_img/korice/6949/obecana_nedodjija_9-kaju_sirai-_posuka_demizu_s.png
Komi ne ume da komunicira 29,Tomohito Oda,Ekranizovane knjige,https://laguna.rs/_img/korice/6987/komi_ne_ume_da_komunicira_29-tomohito_oda_s.png
Obećana Nedođija 8,"Kaju Širai,Posuka Demizu",Ekranizovane knjige,https://laguna.rs/_img/korice/6948/obecana_nedodjija_8-kaju_sirai-_posuka_demizu_s.png
Škola magičnih životinja 2: Sve rupa do rupe!,Margit Auer,Ekranizovane knjige,https://laguna.rs/_img/korice/6934/skola_magicnih_zivotinja_2_sve_rupa_do_rupe_s.jpg
Komi ne ume da komunicira 28,Tomohito Oda,Ekranizovane knjige,https://laguna.rs/_img/korice/6915/komi_ne_ume_da_komunicira_28-tomohito_oda_s.png
Obećana Nedođija 7,"Kaju Širai,Posuka Demizu",Ekranizovane knjige,https://laguna.rs/_img/korice/6932/obecana_nedodjija_7_s.jpg
Komi ne ume da komunicira 27,Tomohito Oda,Ekranizovane knjige,https://laguna.rs/_img/korice/6914/komi_ne_ume_da_komunicira_27-tomohito_oda_s.png
Obećana Nedođija 6,"Kaju Širai,Posuka Demizu",Ekranizovane knjige,https://laguna.rs/_img/korice/6930/obecana_nedodjija_6_s.jpg
Komi ne ume da komunicira 26,Tomohito Oda,Ekranizovane knjige,https://laguna.rs/_img/korice/6913/komi_ne_ume_da_komunicira_26-tomohito_oda_s.png
Obećana Nedođija 5,"Kaju Širai,Posuka Demizu",Ekranizovane knjige,https://laguna.rs/_img/korice/6892/obecana_nedodjija_5-kaju_sirai-_posuka_demizu_s.png
Komi ne ume da komunicira 25,Tomohito Oda,Ekranizovane knjige,https://laguna.rs/_img/korice/6890/komi_ne_ume_da_komunicira_25-tomohito_oda_s.png
Obećana Nedođija 4,"Kaju Širai,Posuka Demizu",Ekranizovane knjige,https://laguna.rs/_img/korice/6891/obecana_nedodjija_4-kaju_sirai-_posuka_demizu_s.png
Komi ne ume da komunicira 24,Tomohito Oda,Ekranizovane knjige,https://laguna.rs/_img/korice/6894/komi_ne_ume_da_komunicira_24-tomohito_oda_s.png
Zov divljine,Džek London,Ekranizovane knjige,https://laguna.rs/_img/korice/6879/zov_divljine-dzek_london_s.jpg
Obećana Nedođija 3,"Kaju Širai,Posuka Demizu",Ekranizovane knjige,https://laguna.rs/_img/korice/6885/zameniti_naslov-kaju_sirai-_posuka_demizu_s.jpg
Komi ne ume da komunicira 23,Tomohito Oda,Ekranizovane knjige,https://laguna.rs/_img/korice/6868/komi_ne_ume_da_komunicira_23-tomohito_oda_s.png
Obećana Nedođija 2,"Kaju Širai,Posuka Demizu",Ekranizovane knjige,https://laguna.rs/_img/korice/6866/obecana_nedodjija_2_s.png
Komi ne ume da komunicira 22,Tomohito Oda,Ekranizovane knjige,https://laguna.rs/_img/korice/6854/komi_ne_ume_da_komunicira_22_s.jpg
Hemija sa stilom,"Jasminka Korolija,Ljuba Mandić,Nevena Stefanović",Edukativni,https://laguna.rs/_img/korice/6997/hemija_sa_stilom-jasminka_korolija-_ljuba_mandic_s.png
One stvari,Jasna Žmak,Edukativni,https://laguna.rs/_img/korice/6992/one_stvari_s.png
Pozorišna posla,Vladeta Janković,Edukativni,https://laguna.rs/_img/korice/6999/pozorisna_posla-vladeta_jankovic_s.png
Od mama za mame 1: Trudnoća,1200 mama,Edukativni,https://laguna.rs/_img/korice/6937/od_mama_za_mame-1200_mama_s.png
Zaista kratko putovanje kroz telo,Bil Brajson,Edukativni,https://laguna.rs/_img/korice/6935/zaista_kratko_putovanje_kroz_telo_s.jpg
Žene su besne,Dženifer Koks,Edukativni,https://laguna.rs/_img/korice/6799/zene_su_besne-dzenifer_koks_s.png
Gen: Intimna istorija,Sidarta Mukardži,Edukativni,https://laguna.rs/_img/korice/4080/gen_intimna_istorija-sidarta_mukardzi_s.jpg
"Svi za jednog, jedan za sve!",Frančesko Fača,Edukativni,https://laguna.rs/_img/korice/6641/svi_za_jednog_jedan_za_sve-francesko_faca_s.png
Planeta Zemlja: Moja priča,Majk Barfild,Edukativni,https://laguna.rs/_img/korice/6775/planeta_zemlja_moja_prica-majk_barfild_s.png
Toplina gnezda koja daje krila,"Štefani Štal,Julija Tomušat",Edukativni,https://laguna.rs/_img/korice/6732/toplina_gnezda_koja_daje_krila-stefani_stal-_julia_tomusat_s.png
Moja slatka torbica aktivnosti – Vesele sirene,Grupa autora,Edukativni,https://laguna.rs/_img/korice/6647/moja_slatka_torbica_aktivnosti_vesele_sirene-grupa_autora_s.png
Moja slatka torbica aktivnosti – Razigrane balerine,Grupa autora,Edukativni,https://laguna.rs/_img/korice/6646/moja_slatka_torbica_aktivnosti_razigrane_balerine-grupa_autora_s.png
Mozgalice za pametnu decu od 8 godina,Garet Mur,Edukativni,https://laguna.rs/_img/korice/6672/naslovmozgalice_za_pametnu_decu_od_8_godina_s.png
Mozgalice za pametnu decu od 9 godina,Garet Mur,Edukativni,https://laguna.rs/_img/korice/6673/mozgalice_za_pametnu_decu_od_9_godina_s.png
Mozgalice za pametnu decu od 10 godina,Garet Mur,Edukativni,https://laguna.rs/_img/korice/6674/mozgalice_za_pametnu_decu_od_10_godina_s.png
Zajedno smo jači,"Tea Orsi,Maks Temporeli",Edukativni,https://laguna.rs/_img/korice/6504/zajedno_smo_jaci-tea_orsi-_maks_temporeli_s.png
Planeta talenata,Aleksandar Ignjatović Pertini,Edukativni,https://laguna.rs/_img/korice/6552/planeta_talenata_s.png
Urnebesna matematika,"Zoran Penevski,Mirko Dejić",Edukativni,https://laguna.rs/_img/korice/6526/urnebesna_matematika-zoran_penevski-_mirko_dejic_s.png
10 najopasnijih dinosaurusa,Kristina Banfi,Edukativni,https://laguna.rs/_img/korice/6224/10_najopasnijih_dinosaurusa_s.jpg
10 najopasnijih životinja,Kristina Banfi,Edukativni,https://laguna.rs/_img/korice/6225/10_najopasnijih_zivotinja_s.jpg
Prestonice,Ana Atanasković,E-knjige,https://laguna.rs/_img/korice/6970/prestonice-ana_atanaskovic_s.png
One stvari,Jasna Žmak,E-knjige,https://laguna.rs/_img/korice/6992/one_stvari_s.png
Lekcije iz foliranja,Selina Mej,E-knjige,https://laguna.rs/_img/korice/6927/lekcije_iz_foliranja-selina_mej_s.jpg
Najkraća istorija Kine,Linda Džejvin,E-knjige,https://laguna.rs/_img/korice/6976/najkraca_istorija_kine-linda_dzejvin_s.jpg
Trenutak za ljubav,Kristina Moninger,E-knjige,https://laguna.rs/_img/korice/6974/trenutak_za_ljubav-kristina_moninger_s.jpg
Pozorišna posla,Vladeta Janković,E-knjige,https://laguna.rs/_img/korice/6999/pozorisna_posla-vladeta_jankovic_s.png
Martin udio,Sanja Savić Milosavljević,E-knjige,https://laguna.rs/_img/korice/6969/martin_udio-sanja_savic_milosavljevic_s.png
Ako mi se nešto desi,Aleks Finli,E-knjige,https://laguna.rs/_img/korice/6849/ako_mi_se_nesto_desi-aleks_finli_s.jpg
Bog šume,Liz Mur,E-knjige,https://laguna.rs/_img/korice/6923/bog_sume-liz_mur_s.jpg
Bes bogova,Džon Gvin,E-knjige,https://laguna.rs/_img/korice/6936/bes_bogova-dzon_gvin_s.jpg
Tigar i Vuk,Adrijan Čajkovski,E-knjige,https://laguna.rs/_img/korice/6928/tigar_i_vuk-adrijan_cajkovski_s.jpg
Otac,Bojan Ljubenović,E-knjige,https://laguna.rs/_img/korice/6960/otac-bojan_ljubenovic_s.png
Hildir,Satu Reme,E-knjige,https://laguna.rs/_img/korice/6931/hildir-satu_reme_s.png
Skrivena kraljica,Piter V. Bret,E-knjige,https://laguna.rs/_img/korice/6939/skrivena_kraljica-piter_v_bret_s.jpg
Usta puna mora,Jurica Pavičić,E-knjige,https://laguna.rs/_img/korice/6962/usta_puna_mora-jurica_pavicic_s.png
Kao biser u okeanu,Sara Lark,E-knjige,https://laguna.rs/_img/korice/6961/kao_biser_u_okeanu-sara_lark_s.png
Pobedi u svakoj raspravi,Mehdi Hasan,E-knjige,https://laguna.rs/_img/korice/6973/pobedi_u_svakoj_raspravi-mehdi_hasan_s.jpg
Moša pismonoša,Kler Pauel,E-knjige,https://laguna.rs/_img/korice/6945/mosa_pismonosa-kler_pauel_s.jpg
Lavirint zalutalih: Zapad i njegovi protivnici,Amin Maluf,E-knjige,https://laguna.rs/_img/korice/6859/lavirint_zalutalih_zapad_i_njegovi_protivnici-amin_maluf_s.jpg
Škola magičnih životinja 2: Sve rupa do rupe!,Margit Auer,E-knjige,https://laguna.rs/_img/korice/6934/skola_magicnih_zivotinja_2_sve_rupa_do_rupe_s.jpg
One stvari,Jasna Žmak,Duh i telo,https://laguna.rs/_img/korice/6992/one_stvari_s.png
Anđeo čuvar – mek povez,Paulo Koeljo,Duh i telo,https://laguna.rs/_img/korice/6919/andjeo_cuvar_mek_povez-paulo_koeljo_s.png
Dnevnik jednog čarobnjaka – mek povez,Paulo Koeljo,Duh i telo,https://laguna.rs/_img/korice/6917/dnevnik_jednog_carobnjaka_mek_povez-paulo_koeljo_s.png
Ovaj put biram sebe,Dizgram,Duh i telo,https://laguna.rs/_img/korice/6838/ovaj_put_biram_sebe-dizgram_s.png
Nadživeti: Nauka i umetnost dugovečnosti,Piter Atija,Duh i telo,https://laguna.rs/_img/korice/6826/nadziveti-piter_atija_s.jpg
Toplina gnezda koja daje krila,"Štefani Štal,Julija Tomušat",Duh i telo,https://laguna.rs/_img/korice/6732/toplina_gnezda_koja_daje_krila-stefani_stal-_julia_tomusat_s.png
Dnevnik jednog čarobnjaka – ilustrovano izdanje,Paulo Koeljo,Duh i telo,https://laguna.rs/_img/korice/6680/dnevnik_jednog_carobnjaka_ilustrovano_izdanje-paulo_koeljo_s.png
Ojačajte Amorova krila,Rafael Žordano,Duh i telo,https://laguna.rs/_img/korice/6582/ojacajte_amorova_krila-rafael_zordano_s.png
Maca na recept,Šo Išida,Duh i telo,https://laguna.rs/_img/korice/6583/maca_na_recept-so_isida_s.png
Ljubav,Dona Ešvort,Duh i telo,https://laguna.rs/_img/korice/6615/ljubav_s.png
Život,Dona Ešvort,Duh i telo,https://laguna.rs/_img/korice/6616/zivot_s.png
Divlja nada,Dona Ešvort,Duh i telo,https://laguna.rs/_img/korice/6609/divlja_nada_s.png
Nulti kilometar,Mod Ankaua,Duh i telo,https://laguna.rs/_img/korice/6414/nulti_kilometar-mod_ankaua_s.png
A kuda idemo?,Ton Telehen,Duh i telo,https://laguna.rs/_img/korice/6476/a_kuda_idemo-ton_telehen_s.png
Sebi duguješ sve,Dizgram,Duh i telo,https://laguna.rs/_img/korice/6468/sebi_dugujes_sve_s.png
Povratak u mir,Siniša Ubović,Duh i telo,https://laguna.rs/_img/korice/6390/povratak_u_mir-sinisa_ubovic_s.png
Strah od vezivanja,Štefani Štal,Duh i telo,https://laguna.rs/_img/korice/6361/strah_od_vezivanja-stefani_stal_s.png
Moć i nemoć organizma – novo dopunjeno izdanje,Staniša Stojiljković,Duh i telo,https://laguna.rs/_img/korice/6311/moc_i_nemoc_organizma-stanisa_stojiljkovic_s.jpg
Nikad bolja: Sve o famoznoj menopauzi,Šila de Liz,Duh i telo,https://laguna.rs/_img/korice/6207/nikad_bolja_sve_o_famoznoj_menopauzi-sejla_de_liz_s.png
Mačka i zen,Džejms Norberi,Duh i telo,https://laguna.rs/_img/korice/6273/macka_i_zen-dzejms_norberi_s.jpg
Društvena igra - Mačja igra,,Društvene igre,https://laguna.rs/_img/korice/6912/drustvena_igra_-_macja_igra_s.png
Društvena igra - Sreda: Stvorenja i odmetnici,,Društvene igre,https://laguna.rs/_img/korice/6909/drustvena_igra_-_sreda_stvorenja_i_odmetnici_s.png
Društvena igra - Gigantosaurus,,Društvene igre,https://laguna.rs/_img/korice/6922/drustvena_igra_-_gigantosaurus_s.jpg
Društvena igra - Nasukani,,Društvene igre,https://laguna.rs/_img/korice/6911/drustvena_igra_-_nasukani_s.png
Društvena igra - Sitno seckano,,Društvene igre,https://laguna.rs/_img/korice/6910/drustvena_igra_-_sitno_seckano_s.png
Društvena igra - Kodovi hrama,,Društvene igre,https://laguna.rs/_img/korice/6921/drustvena_igra_-_kodovi_hrama_s.jpg
Društvena igra - Boreal,"Masafumi Mizuno,Juko Ivase",Društvene igre,https://laguna.rs/_img/korice/6888/boreal_s.png
Društvena igra - Podzemna mreža,,Društvene igre,https://laguna.rs/_img/korice/6778/drustvena_igra_-_podzemna_mreza_s.png
Društvena igra - Idemo! U Japan,,Društvene igre,https://laguna.rs/_img/korice/6501/drustvena_igra_-_idemo_u_japan_s.png
Društvena igra - Concordia,,Društvene igre,https://laguna.rs/_img/korice/6499/drustvena_igra_-_concordia_s.png
Društvena igra – Zanimljive geografije,,Društvene igre,https://laguna.rs/_img/korice/6528/drustvena_igra_zanimljive_geografije_s.png
Društvena igra – Zanimljive opšte kulture,,Društvene igre,https://laguna.rs/_img/korice/6530/drustvena_igra_zanimljive_opste_kulture_s.png
Društvena igra – Zanimljivi sport,,Društvene igre,https://laguna.rs/_img/korice/6529/drustvena_igra_zanimljivi_sport_s.png
Društvena igra - Dominion Intriga,,Društvene igre,https://laguna.rs/_img/korice/6627/dominion_intriga_s.jpg
Društvena igra - Suton,,Društvene igre,https://laguna.rs/_img/korice/6491/drustvena_igra_-_suton_s.png
Društvena igra - Podzemna carstva: Rudari,,Društvene igre,https://laguna.rs/_img/korice/6500/drustvena_igra_-_podzemna_carstva_rudari_s.png
Društvena igra - Dolina vetrenjača,,Društvene igre,https://laguna.rs/_img/korice/6272/drustvena_igra_-_dolina_vetrenjaca_s.jpg
Društvena igra - Visoki napon (dopunjeno izdanje),,Društvene igre,https://laguna.rs/_img/korice/6385/drustvena_igra_-_visoki_napon_dopunjeno_izdanje_s.png
Društvena igra - Rat u Zemlji čuda,,Društvene igre,https://laguna.rs/_img/korice/6267/drustvena_igra_-_rat_u_zemlji_cuda_s.jpg
Društvena igra - Dominion,,Društvene igre,https://laguna.rs/_img/korice/6384/drustvena_igra_-_dominion_s.jpg
Trenutak za ljubav,Kristina Moninger,Drama,https://laguna.rs/_img/korice/6974/trenutak_za_ljubav-kristina_moninger_s.jpg
Pozorišna posla,Vladeta Janković,Drama,https://laguna.rs/_img/korice/6999/pozorisna_posla-vladeta_jankovic_s.png
Martin udio,Sanja Savić Milosavljević,Drama,https://laguna.rs/_img/korice/6969/martin_udio-sanja_savic_milosavljevic_s.png
Bog šume,Liz Mur,Drama,https://laguna.rs/_img/korice/6923/bog_sume-liz_mur_s.jpg
Otac,Bojan Ljubenović,Drama,https://laguna.rs/_img/korice/6960/otac-bojan_ljubenovic_s.png
Kao biser u okeanu,Sara Lark,Drama,https://laguna.rs/_img/korice/6961/kao_biser_u_okeanu-sara_lark_s.png
Anđeo čuvar – mek povez,Paulo Koeljo,Drama,https://laguna.rs/_img/korice/6919/andjeo_cuvar_mek_povez-paulo_koeljo_s.png
Peta gora – mek povez,Paulo Koeljo,Drama,https://laguna.rs/_img/korice/6918/peta_gora_mek_povez-paulo_koeljo_s.png
Dnevnik jednog čarobnjaka – mek povez,Paulo Koeljo,Drama,https://laguna.rs/_img/korice/6917/dnevnik_jednog_carobnjaka_mek_povez-paulo_koeljo_s.png
Kćeri cveća,Tesa Kolins,Drama,https://laguna.rs/_img/korice/6924/kceri_cveca-tesa_kolins_s.png
Tko je taj čovjek?: Izvještaj o jednoj mogućnosti,Boris Dežulović,Drama,https://laguna.rs/_img/korice/6933/tko_je_taj_covjek_s.jpg
Noćni čuvar,Džejn En Filips,Drama,https://laguna.rs/_img/korice/6871/nocni_cuvar-dzejn_en_filips_s.jpg
Čovek od hiljadu lutanja,Anjes Marten-Ligan,Drama,https://laguna.rs/_img/korice/6797/covek_od_hiljadu_lutanja-anjes_marten-ligan_s.jpg
Poštarka,Frančeska Đanone,Drama,https://laguna.rs/_img/korice/6845/postarka-franceska_djanone_s.jpg
Nezaboravna Loreta Darling,Ketrin Blejk,Drama,https://laguna.rs/_img/korice/6920/nezaboravna_loreta_darling-ketrin_blejk_s.png
Ugasi svetlo,Navesa Alen,Drama,https://laguna.rs/_img/korice/6900/ugasi_svetlo-navesa_alen_s.png
Rasulo,Bora Ćosić,Drama,https://laguna.rs/_img/korice/6901/rasulo-bora_cosic_s.png
Greta Garbo: Usamljena boginja,Kristina Liding,Drama,https://laguna.rs/_img/korice/6877/greta_garbo_usamljena_boginja-kristina_liding_s.jpg
Okrugla kuća,Luiz Erdrik,Drama,https://laguna.rs/_img/korice/6876/okrugla_kuca-luiz_erdrik_s.png
Crna noć nada mnom i zvezdano nebo u meni,Ivan Tokin,Drama,https://laguna.rs/_img/korice/6875/crna_noc_nada_mnom_i_zvezdano_nebo_u_meni-ivan_tokin_s.jpg
Hemija sa stilom,"Jasminka Korolija,Ljuba Mandić,Nevena Stefanović",Domaći autori,https://laguna.rs/_img/korice/6997/hemija_sa_stilom-jasminka_korolija-_ljuba_mandic_s.png
Prestonice,Ana Atanasković,Domaći autori,https://laguna.rs/_img/korice/6970/prestonice-ana_atanaskovic_s.png
One stvari,Jasna Žmak,Domaći autori,https://laguna.rs/_img/korice/6992/one_stvari_s.png
Pozorišna posla,Vladeta Janković,Domaći autori,https://laguna.rs/_img/korice/6999/pozorisna_posla-vladeta_jankovic_s.png
Martin udio,Sanja Savić Milosavljević,Domaći autori,https://laguna.rs/_img/korice/6969/martin_udio-sanja_savic_milosavljevic_s.png
Otac,Bojan Ljubenović,Domaći autori,https://laguna.rs/_img/korice/6960/otac-bojan_ljubenovic_s.png
Usta puna mora,Jurica Pavičić,Domaći autori,https://laguna.rs/_img/korice/6962/usta_puna_mora-jurica_pavicic_s.png
"Košarka, to je Partizan – novo, dopunjeno izdanje",Slobodan Vladušić,Domaći autori,https://laguna.rs/_img/korice/6963/kosarka_to_je_partizan-slobodan_vladusic_s.png
Tko je taj čovjek?: Izvještaj o jednoj mogućnosti,Boris Dežulović,Domaći autori,https://laguna.rs/_img/korice/6933/tko_je_taj_covjek_s.jpg
"Evo, anđela!",Selimir Radulović,Domaći autori,https://laguna.rs/_img/korice/6941/evo_andjela-selimir_radulovic_s.png
Hajduk u Beogradu,Gradimir Stojković,Domaći autori,https://laguna.rs/_img/korice/6929/hajduk_u_beogradu_s.jpg
Vixere,Srđan Cvijić,Domaći autori,https://laguna.rs/_img/korice/6902/vixere_s.png
Rasulo,Bora Ćosić,Domaći autori,https://laguna.rs/_img/korice/6901/rasulo-bora_cosic_s.png
Kuke i verige – dopunjeno izdanje,Dejan Mihailović,Domaći autori,https://laguna.rs/_img/korice/6872/kuke_i_verige_dopunjeno_izdanje-dejan_mihailovic_s.png
Fairy tales: The Fourth Seven,Uroš Petrović,Domaći autori,https://laguna.rs/_img/korice/6841/fairytales_the_fourth_seven-uros_petrovic_s.png
Ispovest venecijanskog klovna,Igor Mirović,Domaći autori,https://laguna.rs/_img/korice/6897/ispovest_venecijanskog_klovna-igor_mirovic_s.png
Crna noć nada mnom i zvezdano nebo u meni,Ivan Tokin,Domaći autori,https://laguna.rs/_img/korice/6875/crna_noc_nada_mnom_i_zvezdano_nebo_u_meni-ivan_tokin_s.jpg
Milena & druge društvene reforme,Olja Knežević,Domaći autori,https://laguna.rs/_img/korice/6860/milena_druge_drustvene_reforme_s.jpg
Bekos,Enes Halilović,Domaći autori,https://laguna.rs/_img/korice/6847/bekos-enes_halilovic_s.jpg
Pamtim sve,Milena Sekulić Odalović,Domaći autori,https://laguna.rs/_img/korice/6848/pamtim_sve_s.jpg
Pariski roman,Rut Rajšl,Čiklit,https://laguna.rs/_img/korice/6856/pariski_roman-rut_rajsl_s.jpg
Čuješ li laž?,Ejmi Tintera,Čiklit,https://laguna.rs/_img/korice/6889/cujes_li_laz-ejmi_tintera_s.jpg
Kako to izgleda?,Sofi Kinsela,Čiklit,https://laguna.rs/_img/korice/6802/kako_to_izgleda-sofi_kinsela_s.png
Prolećna oluja,Dženi Kolgan,Čiklit,https://laguna.rs/_img/korice/6801/prolecna_oluja-dzeni_kolgan_s.jpg
Bridžet Džouns – Luda za njim,Helen Filding,Čiklit,https://laguna.rs/_img/korice/2362/bridzet_dzouns_luda_za_njim-helen_filding_s.png
Bivših sedam,Lusi Vajn,Čiklit,https://laguna.rs/_img/korice/6675/bivsih_sedam_s.png
Onda mora da je tako,Lusi Adams,Čiklit,https://laguna.rs/_img/korice/6443/onda_mora_da_je_tako-lusi_adams_s.png
Izgubljena ljubav,Šarlot Rikson,Čiklit,https://laguna.rs/_img/korice/6417/izgubljena_ljubav-sarlot_rikson_s.png
Letnje nebo,Dženi Kolgan,Čiklit,https://laguna.rs/_img/korice/6430/letnje_nebo-dzeni_kolgan_s.png
Ljubav mog večnog života,Kersti Grinvud,Čiklit,https://laguna.rs/_img/korice/6371/ljubav_mog_vecnog_zivota-kersti_grinvud_s.png
Ispala,Bet O’Liri,Čiklit,https://laguna.rs/_img/korice/6418/ispala-bet_oliri_s.png
Kraljica noći,Simona Arnstet,Čiklit,https://laguna.rs/_img/korice/6442/kraljica_noci_s.jpg
Obična glupava ljubavna priča,Kejtlin Dojl,Čiklit,https://laguna.rs/_img/korice/6303/obicna_glupava_ljubavna_prica_s.jpg
Da li bi radije,Alison Ešli,Čiklit,https://laguna.rs/_img/korice/6258/da_li_bi_radije-alison_esli_s.jpg
Sagorela,Sofi Kinsela,Čiklit,https://laguna.rs/_img/korice/6251/sagorela_s.jpg
Zavedi me knjigama,Kejt Bromli,Čiklit,https://laguna.rs/_img/korice/6204/zavedi_me_knjigama-kejt_bromli_s.jpg
Kako se rešiti svoje porodice,Bela Meki,Čiklit,https://laguna.rs/_img/korice/6198/kako_se_resiti_svoje_porodice_s.png
Božićna knjižara,Dženi Kolgan,Čiklit,https://laguna.rs/_img/korice/6113/bozicna_knjizara-dzeni_kolgan_s.jpg
Tajni život glavnih junakinja,Kler Vigarelo,Čiklit,https://laguna.rs/_img/korice/5903/tajni_zivot_glavnih_junakinja-kler_vigarelo_s.png
Devojke o kojima pišu pesme,Karlin Bauer,Čiklit,https://laguna.rs/_img/korice/6070/devojke_o_kojima_pisu_pesme-karlin_bauer_s.jpg
Hrišćanska pravoslavna bojanka,Mirjana Cvetković i Branislav Kozarski,Bojanke za odrasle,https://laguna.rs/_img/korice/5329/hriscanska_pravoslavna_bojanka-mirjana_cvetkovic_i_branislav_kozarski_s.jpg
Sve boje Srbije / All colours of Serbia,Grupa autora,Bojanke za odrasle,https://laguna.rs/_img/korice/3826/sve_boje_srbije_all_colours_of_serbia-grupa_autora_s.jpg
Avantura u boji – Ekstremni izazovi za bojenje,Džoana Vebster,Bojanke za odrasle,https://laguna.rs/_img/korice/3648/avantura_u_boji_ekstremni_izazovi_za_bojenje-dzoana_vebster_s.jpg
Od tačke do tačke - Ekstremni izazovi za bojenje,Garet Mur,Bojanke za odrasle,https://laguna.rs/_img/korice/3646/od_tacke_do_tacke_-_ekstremni_izazovi_za_bojenje-garet_mur_s.jpg
Životinjsko carstvo,Mili Marota,Bojanke za odrasle,https://laguna.rs/_img/korice/3499/zivotinjsko_carstvo-mili_marota_s.jpg
Animorfija,Kerbi Rosanes,Bojanke za odrasle,https://laguna.rs/_img/korice/3494/animorfija-kerbi_rosanes_s.jpg
Začarana šuma,Džohana Basford,Bojanke za odrasle,https://laguna.rs/_img/korice/3139/zacarana_suma-dzohana_basford_s.jpg
Tajni vrt,Džohana Basford,Bojanke za odrasle,https://laguna.rs/_img/korice/2989/tajni_vrt-dzohana_basford_s.jpg
Inspirisani Amazonijom: 70 antistres crteža za bojenje,Grupa autora,Bojanke za odrasle,https://laguna.rs/_img/korice/2873/larousse_antistres_blokovi_inspirisani_amazonijom-grupa_autora_s.jpg
Inspirisani cvećem: 70 antistres crteža za bojenje,Grupa autora,Bojanke za odrasle,https://laguna.rs/_img/korice/2872/antistres_blokovi_inspirisani_cvecem-grupa_autora_s.jpg
Bojenjem protiv nesanice,Grupa autora,Bojanke za odrasle,https://laguna.rs/_img/korice/2830/bojenjem_protiv_nesanice-grupa_autora_s.jpg
Kreativno bojenje za odrasle,Grupa autora,Bojanke za odrasle,https://laguna.rs/_img/korice/2829/kreativno_bojenje_za_odrasle-grupa_autora_s.jpg
Moj super blok: Dinosaurusi - sa nalepnicama,Grupa autora,Bojanke,https://laguna.rs/_img/korice/6653/moj_super_blok_dinosaurusi_sa_nalepnicama-grupa_autora_s.png
Moj super blok: Životinje - sa nalepnicama,Grupa autora,Bojanke,https://laguna.rs/_img/korice/6654/moj_super_blok_zivotinje_-_sa_nalepnicama-grupa_autora_s.png
Moja slatka bojankica 1,Grupa autora,Bojanke,https://laguna.rs/_img/korice/6649/moja_slatka_bojankica_1-grupa_autora_s.png
Moja slatka bojankica 2,Grupa autora,Bojanke,https://laguna.rs/_img/korice/6650/moja_slatka_bojankica_2-grupa_autora_s.png
Moja slatka torbica aktivnosti – Vesele sirene,Grupa autora,Bojanke,https://laguna.rs/_img/korice/6647/moja_slatka_torbica_aktivnosti_vesele_sirene-grupa_autora_s.png
Moja slatka torbica aktivnosti – Razigrane balerine,Grupa autora,Bojanke,https://laguna.rs/_img/korice/6646/moja_slatka_torbica_aktivnosti_razigrane_balerine-grupa_autora_s.png
Tom Gejts – Oboj ceo svet!,Liz Pišon,Bojanke,https://laguna.rs/_img/korice/6435/tom_gejts_oboj_ceo_svet-liz_pison_s.jpg
Super bojanka – Dinosaurusi,Grupa autora,Bojanke,https://laguna.rs/_img/korice/6350/super_bojanka_dinosaurusi-grupa_autora_s.png
Super bojanka – Slatke životinje,Grupa autora,Bojanke,https://laguna.rs/_img/korice/6347/super_bojanka_slatke_zivotinje-grupa_autora_s.png
Bibina bojanka,Biljana Crvenkovska,Bojanke,https://laguna.rs/_img/korice/6049/bibina_bojanka-biljana_crvenkovska_s.jpg
Životinjski prijatelji – Brojevi,Grupa autora,Bojanke,https://laguna.rs/_img/korice/5788/zivotinjski_prijatelji_brojevi-grupa_autora_s.jpg
Životinjski prijatelji – Prve reči,Grupa autora,Bojanke,https://laguna.rs/_img/korice/5789/zivotinjski_prijatelji_prve_reci-grupa_autora_s.jpg
Magična vodena bojanka – Dinosaurusi,"Dženi Kuper,Rejčel Maklejn",Bojanke,https://laguna.rs/_img/korice/4478/magicna_vodena_bojanka_zivotinje-dzeni_kuper-_rejcel_maklejn_s.jpg
Magična vodena bojanka – Jednorozi i konji,"Dženi Kuper,Rejčel Maklejn",Bojanke,https://laguna.rs/_img/korice/4855/magicna_vodena_bojanka_jednorozi_i_konji-dzeni_kuper-_rejcel_maklejn_s.jpg
Magična vodena bojanka – Životinje,"Dženi Kuper,Rejčel Maklejn",Bojanke,https://laguna.rs/_img/korice/4477/magicna_vodena_bojanka_zivotinje-dzeni_kuper-_rejcel_maklejn_s.jpg
Dunja i Stefan kod bake na selu,Grupa autora,Bojanke,https://laguna.rs/_img/korice/5466/dunja_i_stefan_kod_bake_na_selu-grupa_autora_s.jpg
Hrišćanska pravoslavna bojanka,Mirjana Cvetković i Branislav Kozarski,Bojanke,https://laguna.rs/_img/korice/5329/hriscanska_pravoslavna_bojanka-mirjana_cvetkovic_i_branislav_kozarski_s.jpg
Magična vodena bojanka – Morske životinje,"Dženi Kuper,Rejčel Maklejn",Bojanke,https://laguna.rs/_img/korice/5201/magicna_vodena_bojanka_morske_zivotinje_s.jpg
Magična vodena bojanka – Na selu,"Dženi Kuper,Rejčel Maklejn",Bojanke,https://laguna.rs/_img/korice/5200/magicna_vodena_bojanka_na_selu-dzeni_kuper-_rejcel_maklejn_s.jpg
Magična vodena bojanka – Novogodišnji praznici,"Dženi Kuper,Rejčel Maklejn",Bojanke,https://laguna.rs/_img/korice/5202/magicna_vodena_bojanka_novogodisnji_praznici_s.jpg
"Košarka, to je Partizan – novo, dopunjeno izdanje",Slobodan Vladušić,Biografija,https://laguna.rs/_img/korice/6963/kosarka_to_je_partizan-slobodan_vladusic_s.png
Dvor kneza Mihaila Obrenovića 1860–1868.,Nebojša Jovanović,Biografija,https://laguna.rs/_img/korice/6819/dvor_kneza_mihaila_obrenovica_18601868-nebojsa_jovanovic_s.jpg
Poreklo „Točka vremena“,Majkl Livingston,Biografija,https://laguna.rs/_img/korice/6783/poreklo_tocka_vremena-majkl_livingston_s.png
Ukus sunca,Vesna Stanišić,Biografija,https://laguna.rs/_img/korice/6752/ukus_sunca-vesna_stanisic_s.png
Tupak Šakur: Autorizovana biografija,Stejsi Robinson,Biografija,https://laguna.rs/_img/korice/6712/tupak_sakur_autorizovana_biografija-stejsi_robinson_s.png
Alija: ulema ili balija?,"Darko Tanasković,Nenad Kecmanović",Biografija,https://laguna.rs/_img/korice/6637/alijaulema_ili_balija-darko_tanaskovic-_nenad_kecmanovic_s.png
Vodič kroz ljubavnu istoriju Beograda – knjiga druga,Nenad Novak Stefanović,Biografija,https://laguna.rs/_img/korice/6629/vodic_kroz_ljubavnu_istoriju_beograda-nenad_novak_stefanovic_s.png
Zašto tako ozbiljno?,Majk Singer,Biografija,https://laguna.rs/_img/korice/6633/zasto_tako_ozbiljno-majk_singer_s.png
Džek i Iv,Vendi Mur,Biografija,https://laguna.rs/_img/korice/6518/dzek_i_iv-vendi_mur_s.png
Dijalog o Zlu i Dobru,"Đorđe Lebović,Zlata Lebović Jakovljević",Biografija,https://laguna.rs/_img/korice/6534/dijalog_o_zlu_i_dobru_s.png
Ranjav i željan,Robert Hodel,Biografija,https://laguna.rs/_img/korice/6477/ranjav_i_zeljan-robert_hodel_s.png
Mehmed Sokolović,Radovan Samardžić,Biografija,https://laguna.rs/_img/korice/6427/mehmed_sokolovic_s.png
200 kila: Šta zna emigrant šta je korporacija,Bojan Leković,Biografija,https://laguna.rs/_img/korice/6358/200_kila-bojan_lekovic_s.png
Boginje Holivuda,Kristina Morato,Biografija,https://laguna.rs/_img/korice/6236/boginje_holivuda-kristina_morato_s.png
Frida ili o boli,Slavenka Drakulić,Biografija,https://laguna.rs/_img/korice/6312/frida_ili_o_boli-slavenka_drakulic_s.png
Ilon Mask,Volter Ajzakson,Biografija,https://laguna.rs/_img/korice/6274/ilon_mask-volter_ajzakson_s.jpg
"Enco, san jednog dečaka",Enriko Brici,Biografija,https://laguna.rs/_img/korice/6260/enco_san_jednog_decaka-enriko_brici_s.jpg
Đavo u Belom gradu,Erik Larson,Biografija,https://laguna.rs/_img/korice/6184/djavo_u_belom_gradu-erik_larson_s.jpg
Stone Age: Šezdeset godina Rolingstounsa,Lesli-En Džouns,Biografija,https://laguna.rs/_img/korice/6139/stone_age_sezdeset_godina_rolingstounsa-lesli-en_dzouns_s.jpg
Pismo mlađem sebi,Džejn Grejam,Biografija,https://laguna.rs/_img/korice/6137/pismo_mladjem_sebi-dzejn_grejam_s.jpg
Gubitak slike ili Planinom Sijera de Gredos,Peter Handke,Avanturistički,https://laguna.rs/_img/korice/6773/gubitak_slike_ili_planinom_sijera_de_gredos-peter_handke_s.jpg
Biblioteka snova Animant Kramb,Lin Rina,Avanturistički,https://laguna.rs/_img/korice/6658/biblioteka_snova_animant_kramb_s.png
Lana i koprivasta družina,Sonja Đorđević,Avanturistički,https://laguna.rs/_img/korice/6594/lana_i_koprivasta_druzina_s.png
Robinja slobode,Ildefonso Falkones,Avanturistički,https://laguna.rs/_img/korice/6452/robinja_slobode-ildefonso_falkones_s.png
Potraga za zlatnom strelom,Bojan Ljubenović,Avanturistički,https://laguna.rs/_img/korice/6342/potraga_za_zlatnom_strelom-bojan_ljubenovic_s.png
Grof Monte Kristo – I tom,Aleksandar Dima Otac,Avanturistički,https://laguna.rs/_img/korice/6240/grof_monte_kristo_i_tom-aleksandar_dima_otac_s.jpg
Grof Monte Kristo – II tom,Aleksandar Dima Otac,Avanturistički,https://laguna.rs/_img/korice/6241/grof_monte_kristo_ii_tom-aleksandar_dima_otac_s.jpg
Kradljivci svile,Dirk Huzeman,Avanturistički,https://laguna.rs/_img/korice/6170/kradljivci_svile-dirk_huzeman_s.jpg
Nalin svet,Din Nikolson,Avanturistički,https://laguna.rs/_img/korice/5860/nalin_svet-din_nikolson_s.jpg
Četvrta violina,Saša Savić,Avanturistički,https://laguna.rs/_img/korice/5847/cetvrta_violina-sasa_savic_s.png
Čudovišna dadilja,Tutiki Tolonen,Avanturistički,https://laguna.rs/_img/korice/5703/cudovisna_dadilja_s.jpg
Paklena putarina,Vladimir Kopicl,Avanturistički,https://laguna.rs/_img/korice/5674/paklena_putarina-vladimir_kopicl_s.jpg
Magnus Čejs i bogovi Asgarda – Mač leta,Rik Riordan,Avanturistički,https://laguna.rs/_img/korice/5635/magnus_cejs_i_bogovi_asgarda_mac_leta-rik_riordan_s.jpg
Dripačka rapsodija,Aleksandar Bilanović,Avanturistički,https://laguna.rs/_img/korice/5414/dripacka_rapsodija_s.jpg
Osmi povjerenik,Renato Baretić,Avanturistički,https://laguna.rs/_img/korice/5367/osmi_povjerenik-renato_baretic_s.jpg
Bajka nad bajkama – kompletno ćirilično izdanje,Nenad Gajić,Avanturistički,https://laguna.rs/_img/korice/5191/bajka_nad_bajkama_kompletno_cirilicno_izdanje-nenad_gajic_s.jpg
Igra s Vukovima,Majkl Blejk,Avanturistički,https://laguna.rs/_img/korice/5104/igra_s_vukovima-majkl_blejk_s.jpg
Komplet – Bajka nad bajkama,Nenad Gajić,Avanturistički,https://laguna.rs/_img/korice/5118/komplet_bajka_nad_bajkama-nenad_gajic_s.jpg
Bajka nad bajkama – Treća noć,Nenad Gajić,Avanturistički,https://laguna.rs/_img/korice/4936/bajka_nad_bajkama_treca_noc-nenad_gajic_s.jpg
Ostrvo s blagom,Robert Luis Stivenson,Avanturistički,https://laguna.rs/_img/korice/4926/ostrvo_s_blagom-robert_luis_stivenson_s.jpg
Mastering the Craft,Miroslav Mišković,Autobiografija,https://laguna.rs/_img/korice/6698/mastering_the_craft_s.png
"Filozofija, mačkice i pornići",Džesika Stojadinović Stoya,Autobiografija,https://laguna.rs/_img/korice/6388/filozofija_mackice_i_pornici-dzesika_stojadinovic_stoya_s.png
Bilo jednom u Jugoslaviji,Ivan Ivanji,Autobiografija,https://laguna.rs/_img/korice/6357/bilo_jednom_u_jugoslaviji-ivan_ivanji_s.jpg
Odgovor - Potpisan primerak,Hana Adrović,Autobiografija,https://laguna.rs/_img/korice/6372/odgovor_-_potpisan_primerak-hana_adrovic_s.png
Odgovor,Hana Adrović,Autobiografija,https://laguna.rs/_img/korice/6329/odgovor-hana_adrovic_s.png
Poslednji san,Pedro Almodovar,Autobiografija,https://laguna.rs/_img/korice/6191/poslednji_san-pedro_almodovar_s.jpg
Žena u meni,Britni Spirs,Autobiografija,https://laguna.rs/_img/korice/6182/zena_u_meni-britni_spirs_s.png
Neispričane priče – novo dopunjeno izdanje,Rajko Grlić,Autobiografija,https://laguna.rs/_img/korice/6141/neispricane_price_novo_dopunjeno_izdanje-rajko_grlic_s.jpg
Bioskopska promišljanja,Kventin Tarantino,Autobiografija,https://laguna.rs/_img/korice/6001/bioskopska_promisljanja-kventin_tarantino_s.png
"Prijatelji, ljubavnici i Velika Strašna Stvar",Metju Peri,Autobiografija,https://laguna.rs/_img/korice/6124/prijatelji_ljubavnici_i_velika_strasna_stvar-metju_peri_s.jpg
Lepota drugog života,Šeron Stoun,Autobiografija,https://laguna.rs/_img/korice/6038/lepota_drugog_zivota-seron_stoun_s.jpg
Iz svoje kože: Život s depresijom,Aleksandar Stanković,Autobiografija,https://laguna.rs/_img/korice/6013/iz_svoje_koze_s.png
Apsolutna istina,Majk Tajson,Autobiografija,https://laguna.rs/_img/korice/5917/apsolutna_istina-majk_tajson_s.jpg
"Ja, tajkun – dopunjeno izdanje",Miroslav Mišković,Autobiografija,https://laguna.rs/_img/korice/5966/ja_tajkun_dopunjeno_izdanje-miroslav_miskovic_s.png
Nikad dosta života: Danonoćni zapisi,Miro Vuksanović,Autobiografija,https://laguna.rs/_img/korice/5880/nikad_dosta_zivota_danonocni_zapisi-miro_vuksanovic_s.png
Pod suncem Toskane,Frensis Mejz,Autobiografija,https://laguna.rs/_img/korice/5808/pod_suncem_toskane-frensis_mejz_s.jpg
Blistavo i strašno – drugi deo,Bekim Fehmiu,Autobiografija,https://laguna.rs/_img/korice/5806/blistavo_i_strasno_drugi_deo_s.jpg
Šaka anegdota,Hans Magnus Encensberger,Autobiografija,https://laguna.rs/_img/korice/5737/saka_anegdota_takodje_opus_incertum-hans_magnus_encensberger_s.jpg
VIL,"Mark Manson,Vil Smit",Autobiografija,https://laguna.rs/_img/korice/5652/vil-mark_manson-_vil_smit_s.jpg
Ožiljci života,Vuk Drašković,Autobiografija,https://laguna.rs/_img/korice/5631/oziljci_zivota-vuk_draskovic_s.jpg
